login_work_mins_increment,logout_work_mins_increment,login_work_mins_increment_aggressive,logout_work_mins_increment_aggressive,round_logouts_to_rosters,round_logins_to_rosters,breaks_enabled,min_action_interval,automatic_break_length,minimum_shift_length_for_auto_breaks,append_automatic_breaks,default_passcode_length,maximum_shift_length,minimum_duration_between_shifts,copy_rosters,managers_can_see_costs,managers_can_share_rosters,managers_can_update_their_timesheets,leave_request_notifications,cost_leave_on_weekends,show_weekends,staff_have_full_timesheet_access,staff_can_edit_timesheets,staff_can_see_export_summary,approve_shifts_created_from_rosters,enable_flexi_time_zones,enable_roster_validation,roster_validation_max_length,roster_validation_min_gap,roster_validation_max_shifts_in_day,roster_validation_max_shifts_in_week,roster_validation_max_hours_in_week,roster_validation_min_length,enable_multi_level_shift_filters,expected_hours_in_pay_period,time_clock_cost_centre_mode,leave_request_default_length,enable_text_for_roster,enable_employee_leave,enable_availability,unavailability_minimum_days
15,15,TRUE,TRUE,TRUE,TRUE,TRUE,5,30,5.5,FALSE,4,14,8,FALSE,TRUE,TRUE,TRUE,admins,FALSE,TRUE,FALSE,TRUE,FALSE,TRUE,FALSE,FALSE,11.5,8,1,5,41,3,TRUE,0,blank,7.6,TRUE,TRUE,TRUE,4
65,10,TRUE,TRUE,FALSE,TRUE,FALSE,30,0,0,FALSE,3,14,8,FALSE,TRUE,TRUE,FALSE,admins,FALSE,TRUE,FALSE,FALSE,FALSE,FALSE,FALSE,TRUE,12,8,2,8,56,3,FALSE,0,blank,7.6,TRUE,TRUE,TRUE,4
0,0,FALSE,FALSE,FALSE,FALSE,TRUE,5,0,0,FALSE,4,14,8,FALSE,TRUE,TRUE,TRUE,admins,FALSE,TRUE,FALSE,TRUE,FALSE,TRUE,FALSE,FALSE,11.5,8,1,5,41,3,FALSE,0,blank,7.6,TRUE,TRUE,FALSE,4
15,15,TRUE,TRUE,TRUE,TRUE,TRUE,5,0,5.5,FALSE,4,14,8,FALSE,TRUE,TRUE,TRUE,admins,TRUE,TRUE,FALSE,TRUE,FALSE,TRUE,FALSE,FALSE,11.5,8,1,5,41,3,FALSE,0,blank,7.6,TRUE,TRUE,TRUE,4
15,15,TRUE,TRUE,TRUE,TRUE,TRUE,5,30,5.25,FALSE,4,14,8,FALSE,TRUE,TRUE,TRUE,admins,FALSE,TRUE,FALSE,TRUE,FALSE,TRUE,FALSE,FALSE,11.5,2.5,2,10,40,3,FALSE,0,blank,0,TRUE,TRUE,TRUE,4
15,15,FALSE,FALSE,TRUE,TRUE,TRUE,5,30,6.5,FALSE,4,7,8,FALSE,TRUE,TRUE,FALSE,managers_and_admins,FALSE,FALSE,FALSE,FALSE,FALSE,TRUE,FALSE,FALSE,8.5,8,1,5,38,6,FALSE,0,blank,7.6,TRUE,TRUE,TRUE,4
29,15,TRUE,TRUE,TRUE,TRUE,FALSE,5,30,5.5,FALSE,6,14,10,FALSE,FALSE,TRUE,TRUE,blank,FALSE,TRUE,FALSE,TRUE,FALSE,TRUE,FALSE,FALSE,11.5,8,1,5,41,3,FALSE,0,blank,7.6,TRUE,TRUE,TRUE,4
6,6,FALSE,TRUE,FALSE,TRUE,TRUE,5,30,5.5,FALSE,4,14,2,FALSE,TRUE,TRUE,TRUE,admins,FALSE,TRUE,FALSE,TRUE,FALSE,TRUE,FALSE,FALSE,11.5,8,1,5,41,3,FALSE,0,blank,7.6,TRUE,TRUE,FALSE,4
15,15,TRUE,TRUE,TRUE,TRUE,TRUE,5,30,5.5,FALSE,4,14,8,FALSE,TRUE,TRUE,TRUE,admins,FALSE,TRUE,FALSE,TRUE,FALSE,TRUE,FALSE,FALSE,11.5,8,1,5,41,3,FALSE,38,blank,7.6,TRUE,TRUE,TRUE,4
300,0,TRUE,FALSE,TRUE,TRUE,TRUE,1,30,6.02,FALSE,4,14,8,FALSE,TRUE,TRUE,TRUE,admins,TRUE,TRUE,FALSE,FALSE,FALSE,TRUE,FALSE,FALSE,11.5,8,4,6,41,3,TRUE,0,blank,7.6,TRUE,TRUE,FALSE,4
15,10,TRUE,TRUE,TRUE,TRUE,TRUE,5,30,6,FALSE,4,14,8,FALSE,TRUE,TRUE,FALSE,managers,FALSE,TRUE,FALSE,FALSE,FALSE,TRUE,FALSE,FALSE,11.5,8,1,5,41,3,FALSE,0,blank,0,TRUE,TRUE,TRUE,10
15,15,TRUE,TRUE,TRUE,TRUE,TRUE,5,0,5.5,FALSE,4,14,8,FALSE,FALSE,TRUE,TRUE,admins,FALSE,TRUE,FALSE,TRUE,FALSE,TRUE,FALSE,FALSE,11.5,8,1,5,41,3,TRUE,38,blank,7.6,TRUE,TRUE,TRUE,4
15,15,FALSE,FALSE,TRUE,TRUE,FALSE,5,60,5,FALSE,4,14,10,FALSE,FALSE,TRUE,TRUE,managers_and_admins,FALSE,TRUE,FALSE,FALSE,FALSE,TRUE,FALSE,FALSE,11.5,8,1,5,41,3,FALSE,0,blank,7.6,TRUE,TRUE,FALSE,4
15,15,FALSE,FALSE,TRUE,TRUE,TRUE,5,30,5.5,FALSE,4,14,8,FALSE,FALSE,TRUE,FALSE,managers,FALSE,TRUE,FALSE,TRUE,FALSE,TRUE,TRUE,TRUE,11.5,8,2,5,41,3,TRUE,35,blank,8,TRUE,TRUE,TRUE,4
15,15,TRUE,TRUE,TRUE,TRUE,TRUE,5,30,5.5,FALSE,4,14,8,FALSE,TRUE,TRUE,TRUE,admins,FALSE,TRUE,FALSE,TRUE,FALSE,TRUE,FALSE,FALSE,11.5,8,1,5,41,3,FALSE,76,blank,7.6,TRUE,TRUE,TRUE,4
75,1,TRUE,TRUE,TRUE,TRUE,TRUE,5,30,5.5,FALSE,4,14,8,FALSE,FALSE,TRUE,TRUE,admins,FALSE,TRUE,FALSE,TRUE,FALSE,FALSE,FALSE,FALSE,11.5,8,1,5,41,3,FALSE,0,blank,7.6,TRUE,TRUE,FALSE,4
15,15,TRUE,TRUE,TRUE,TRUE,TRUE,5,0,0,FALSE,4,14,8,FALSE,TRUE,TRUE,TRUE,admins,FALSE,TRUE,FALSE,TRUE,FALSE,TRUE,FALSE,TRUE,11.5,8,1,5,41,3,FALSE,0,blank,7.5,TRUE,TRUE,TRUE,4
15,15,TRUE,TRUE,TRUE,TRUE,TRUE,5,0,5.5,TRUE,4,14,8,FALSE,TRUE,TRUE,TRUE,admins,FALSE,TRUE,FALSE,TRUE,FALSE,TRUE,FALSE,FALSE,11.5,8,1,5,41,3,TRUE,38,blank,7.6,TRUE,TRUE,TRUE,4
15,15,TRUE,TRUE,TRUE,TRUE,TRUE,5,30,5.5,FALSE,4,14,8,FALSE,TRUE,TRUE,TRUE,admins,FALSE,TRUE,FALSE,TRUE,FALSE,TRUE,TRUE,FALSE,11.5,8,1,5,41,3,FALSE,38,blank,7.6,TRUE,TRUE,FALSE,4
15,15,TRUE,TRUE,TRUE,TRUE,TRUE,5,30,5.5,FALSE,4,14,8,FALSE,TRUE,TRUE,TRUE,admins,FALSE,TRUE,FALSE,TRUE,FALSE,TRUE,FALSE,FALSE,11.5,8,1,5,41,3,FALSE,0,blank,7.6,TRUE,TRUE,TRUE,4
15,15,FALSE,FALSE,FALSE,FALSE,FALSE,5,0,5.5,FALSE,4,16,8,FALSE,FALSE,FALSE,FALSE,admins,TRUE,TRUE,TRUE,TRUE,TRUE,TRUE,FALSE,FALSE,11.5,8,2,7,41,3,FALSE,40,blank,8,TRUE,TRUE,TRUE,2
300,0,TRUE,FALSE,TRUE,TRUE,TRUE,1,30,6.02,FALSE,4,14,8,FALSE,FALSE,TRUE,TRUE,managers_and_admins,TRUE,TRUE,FALSE,FALSE,FALSE,TRUE,FALSE,TRUE,11.5,1,10,6,41,3,TRUE,0,blank,7.6,TRUE,TRUE,FALSE,4
15,15,TRUE,TRUE,TRUE,TRUE,TRUE,5,30,5.5,FALSE,4,14,8,FALSE,TRUE,TRUE,TRUE,admins,FALSE,TRUE,FALSE,TRUE,FALSE,TRUE,FALSE,FALSE,11.5,8,1,5,41,3,TRUE,0,blank,7.6,TRUE,TRUE,TRUE,4
15,15,TRUE,TRUE,TRUE,TRUE,TRUE,5,60,5.5,TRUE,4,14,8,FALSE,TRUE,TRUE,TRUE,admins,FALSE,TRUE,FALSE,TRUE,FALSE,TRUE,FALSE,FALSE,12,9,1,6,48,3,FALSE,0,blank,7.6,TRUE,TRUE,TRUE,4
15,15,TRUE,TRUE,TRUE,TRUE,TRUE,5,30,5.5,FALSE,4,14,8,FALSE,FALSE,FALSE,FALSE,admins,FALSE,TRUE,FALSE,FALSE,FALSE,FALSE,FALSE,TRUE,11.5,8,2,5,41,1,TRUE,38,blank,7.6,TRUE,TRUE,TRUE,4
15,15,TRUE,TRUE,TRUE,TRUE,TRUE,5,30,5.5,FALSE,4,14,8,FALSE,FALSE,TRUE,TRUE,admins,FALSE,TRUE,FALSE,TRUE,FALSE,TRUE,FALSE,FALSE,11.5,8,1,5,41,3,FALSE,0,blank,7.6,TRUE,TRUE,TRUE,4
15,15,TRUE,TRUE,TRUE,TRUE,TRUE,5,60,5.5,FALSE,4,8,8,FALSE,TRUE,TRUE,TRUE,admins,FALSE,TRUE,FALSE,TRUE,FALSE,TRUE,FALSE,FALSE,10,8,1,5,41,3,FALSE,0,blank,7.6,TRUE,TRUE,TRUE,4
300,300,TRUE,TRUE,TRUE,TRUE,TRUE,5,30,5.5,FALSE,4,14,8,FALSE,TRUE,TRUE,TRUE,admins,TRUE,TRUE,FALSE,TRUE,FALSE,TRUE,FALSE,FALSE,11.5,8,1,5,41,3,FALSE,0,blank,7.6,TRUE,TRUE,TRUE,4
15,15,TRUE,TRUE,FALSE,FALSE,TRUE,5,30,5.5,FALSE,4,14,8,FALSE,FALSE,TRUE,TRUE,admins,FALSE,TRUE,FALSE,TRUE,FALSE,TRUE,FALSE,FALSE,11.5,8,1,5,41,3,FALSE,0,blank,7.6,TRUE,TRUE,FALSE,4
15,15,TRUE,TRUE,TRUE,TRUE,TRUE,5,30,5.5,TRUE,4,14,8,FALSE,FALSE,TRUE,TRUE,admins,FALSE,TRUE,FALSE,TRUE,FALSE,TRUE,FALSE,FALSE,11.5,8,1,5,41,3,TRUE,0,blank,7.6,TRUE,TRUE,TRUE,4
15,15,TRUE,TRUE,TRUE,TRUE,FALSE,5,15,5,FALSE,4,10,8,FALSE,FALSE,TRUE,TRUE,managers_and_admins,FALSE,TRUE,FALSE,TRUE,FALSE,TRUE,FALSE,TRUE,12,8,1,5,41,2,FALSE,0,blank,7.6,TRUE,TRUE,TRUE,14
15,15,TRUE,TRUE,TRUE,TRUE,TRUE,5,30,5.5,FALSE,4,14,8,FALSE,TRUE,TRUE,TRUE,managers_and_admins,FALSE,TRUE,FALSE,TRUE,FALSE,TRUE,FALSE,FALSE,11.5,8,1,5,41,3,TRUE,38,blank,7.6,TRUE,TRUE,TRUE,21
0,0,FALSE,FALSE,FALSE,FALSE,TRUE,5,0,0,FALSE,4,14,10,FALSE,TRUE,TRUE,TRUE,admins,FALSE,TRUE,FALSE,TRUE,FALSE,TRUE,FALSE,FALSE,11.5,8,1,5,41,3,FALSE,0,blank,7.6,TRUE,TRUE,FALSE,4
15,15,TRUE,TRUE,TRUE,TRUE,TRUE,5,30,5,FALSE,4,14,8,FALSE,TRUE,TRUE,TRUE,managers,FALSE,TRUE,FALSE,FALSE,FALSE,TRUE,FALSE,FALSE,11.5,8,1,5,41,3,FALSE,0,blank,7.6,TRUE,TRUE,TRUE,4
0,0,TRUE,TRUE,FALSE,FALSE,TRUE,5,60,5.5,FALSE,4,9,8,FALSE,TRUE,TRUE,TRUE,admins,FALSE,TRUE,FALSE,TRUE,FALSE,TRUE,FALSE,FALSE,11.5,8,1,5,41,3,FALSE,38,blank,7.6,TRUE,TRUE,FALSE,4
15,15,FALSE,FALSE,TRUE,TRUE,FALSE,5,30,5.5,FALSE,4,12,8,FALSE,FALSE,TRUE,TRUE,managers,TRUE,TRUE,FALSE,FALSE,FALSE,FALSE,FALSE,TRUE,12,8,1,6,60,3,TRUE,0,blank,7.6,TRUE,TRUE,FALSE,4
15,15,TRUE,TRUE,TRUE,TRUE,TRUE,5,30,5.5,FALSE,4,14,8,FALSE,FALSE,TRUE,TRUE,admins,FALSE,TRUE,FALSE,FALSE,FALSE,TRUE,FALSE,FALSE,11.5,8,1,5,41,3,TRUE,76,blank,7.6,TRUE,TRUE,TRUE,4
15,15,TRUE,TRUE,TRUE,TRUE,TRUE,5,0,5.5,FALSE,4,14,8,FALSE,TRUE,TRUE,TRUE,admins,FALSE,TRUE,FALSE,TRUE,FALSE,TRUE,FALSE,FALSE,11.5,8,1,5,41,3,TRUE,0,blank,7.6,TRUE,TRUE,TRUE,4
15,15,TRUE,TRUE,TRUE,TRUE,TRUE,5,30,5.5,FALSE,4,14,8,FALSE,FALSE,TRUE,FALSE,admins,FALSE,TRUE,FALSE,TRUE,FALSE,TRUE,FALSE,TRUE,11.5,8,1,5,41,3,TRUE,76,blank,8,FALSE,TRUE,TRUE,10
15,15,TRUE,TRUE,TRUE,TRUE,TRUE,5,30,5.5,FALSE,4,11,3,FALSE,TRUE,TRUE,TRUE,admins,FALSE,TRUE,FALSE,TRUE,FALSE,TRUE,FALSE,TRUE,11.5,8,1,5,41,3,FALSE,0,blank,7.6,TRUE,TRUE,FALSE,4
15,15,TRUE,TRUE,TRUE,TRUE,TRUE,5,30,5.5,FALSE,4,14,8,FALSE,TRUE,TRUE,TRUE,admins,FALSE,TRUE,FALSE,TRUE,FALSE,TRUE,FALSE,FALSE,11.5,8,1,5,41,3,TRUE,0,blank,7.6,TRUE,TRUE,TRUE,4
0,0,FALSE,FALSE,FALSE,TRUE,FALSE,5,45,5.02,FALSE,4,14,10,FALSE,FALSE,TRUE,FALSE,managers_and_admins,FALSE,TRUE,FALSE,FALSE,FALSE,TRUE,FALSE,FALSE,11.5,8,1,6,41,3,FALSE,0,blank,7.6,TRUE,TRUE,FALSE,4
15,15,TRUE,TRUE,TRUE,TRUE,FALSE,5,0,5.5,FALSE,4,14,8,FALSE,TRUE,TRUE,TRUE,admins,FALSE,TRUE,FALSE,TRUE,FALSE,TRUE,FALSE,FALSE,11.5,8,1,5,41,3,TRUE,38,blank,7.6,TRUE,TRUE,TRUE,4
15,15,TRUE,TRUE,TRUE,TRUE,TRUE,5,30,6,FALSE,4,14,8,FALSE,FALSE,FALSE,FALSE,admins,TRUE,TRUE,FALSE,FALSE,FALSE,TRUE,FALSE,TRUE,11.5,8,1,5,38,1,TRUE,38,blank,9,TRUE,TRUE,TRUE,14
15,15,TRUE,TRUE,TRUE,TRUE,TRUE,5,0,5.5,FALSE,4,14,8,FALSE,FALSE,TRUE,FALSE,admins,FALSE,TRUE,FALSE,TRUE,FALSE,TRUE,FALSE,FALSE,11.5,8,1,5,41,3,TRUE,38,blank,7.6,TRUE,TRUE,TRUE,4
15,15,TRUE,TRUE,TRUE,TRUE,TRUE,5,0,0,FALSE,4,18,4,FALSE,TRUE,TRUE,TRUE,admins,TRUE,TRUE,FALSE,TRUE,FALSE,TRUE,FALSE,FALSE,18,8,1,5,41,3,FALSE,0,blank,7.6,TRUE,TRUE,TRUE,4
10,10,TRUE,TRUE,TRUE,TRUE,TRUE,5,30,5.5,TRUE,4,16,4,FALSE,TRUE,TRUE,TRUE,admins,FALSE,TRUE,FALSE,TRUE,FALSE,TRUE,FALSE,TRUE,14,8,2,6,60,2.5,FALSE,0,blank,8,TRUE,TRUE,TRUE,14
15,15,TRUE,TRUE,TRUE,TRUE,TRUE,5,30,5.5,FALSE,4,14,8,FALSE,TRUE,TRUE,TRUE,admins,FALSE,TRUE,FALSE,TRUE,FALSE,TRUE,FALSE,FALSE,11.5,8,1,5,41,3,FALSE,0,blank,7.6,TRUE,TRUE,TRUE,4
15,15,TRUE,TRUE,TRUE,TRUE,FALSE,5,0,0,FALSE,4,14,3,FALSE,TRUE,TRUE,TRUE,admins,FALSE,TRUE,FALSE,TRUE,FALSE,TRUE,FALSE,FALSE,11.5,8,1,5,41,3,FALSE,38,blank,7.6,TRUE,TRUE,TRUE,4
0,0,FALSE,FALSE,FALSE,FALSE,TRUE,5,30,5.5,FALSE,4,14,8,FALSE,TRUE,TRUE,TRUE,admins,FALSE,TRUE,FALSE,TRUE,FALSE,TRUE,FALSE,FALSE,11.5,8,1,5,41,3,FALSE,0,blank,7.6,TRUE,TRUE,FALSE,4
10,0,TRUE,TRUE,FALSE,TRUE,FALSE,5,0,10,TRUE,4,12,10,FALSE,TRUE,TRUE,TRUE,admins,FALSE,TRUE,FALSE,TRUE,FALSE,TRUE,FALSE,FALSE,11.5,8,1,5,41,3,FALSE,0,blank,7.6,TRUE,TRUE,FALSE,4
0,0,FALSE,FALSE,FALSE,FALSE,TRUE,5,0,0,FALSE,4,14,8,FALSE,TRUE,TRUE,TRUE,admins,FALSE,TRUE,FALSE,TRUE,FALSE,TRUE,FALSE,FALSE,11.5,8,1,5,41,3,FALSE,0,blank,7.6,TRUE,TRUE,FALSE,4
20,15,TRUE,TRUE,TRUE,TRUE,TRUE,5,30,6.02,FALSE,4,14,2,FALSE,TRUE,TRUE,TRUE,admins,FALSE,TRUE,FALSE,TRUE,FALSE,TRUE,FALSE,FALSE,14.5,8,2,7,55,2,TRUE,38,blank,7.6,TRUE,TRUE,TRUE,7
15,15,FALSE,FALSE,TRUE,TRUE,TRUE,15,30,8,FALSE,4,16,8,FALSE,TRUE,TRUE,FALSE,admins,TRUE,TRUE,FALSE,FALSE,FALSE,TRUE,FALSE,TRUE,16,8,2,7,41,3,FALSE,0,blank,8,TRUE,TRUE,TRUE,4
15,15,TRUE,TRUE,TRUE,TRUE,TRUE,5,30,5.5,FALSE,4,14,8,FALSE,FALSE,FALSE,FALSE,admins,FALSE,TRUE,FALSE,TRUE,FALSE,TRUE,FALSE,TRUE,11.5,8,1,5,41,3,TRUE,38,blank,7.6,TRUE,TRUE,FALSE,21
15,15,TRUE,TRUE,TRUE,TRUE,TRUE,5,30,6.02,FALSE,4,14,8,FALSE,TRUE,TRUE,TRUE,admins,FALSE,TRUE,FALSE,TRUE,FALSE,TRUE,TRUE,FALSE,11.5,8,1,5,41,3,TRUE,38,blank,7.6,TRUE,TRUE,TRUE,4
15,15,FALSE,FALSE,TRUE,TRUE,TRUE,5,45,5.5,FALSE,4,14,8,FALSE,TRUE,TRUE,FALSE,managers_and_admins,FALSE,TRUE,FALSE,TRUE,FALSE,TRUE,FALSE,FALSE,11.5,8,1,5,41,3,FALSE,0,blank,7.6,TRUE,TRUE,TRUE,4
15,15,TRUE,TRUE,FALSE,FALSE,TRUE,5,30,5.5,FALSE,4,14,8,FALSE,TRUE,TRUE,TRUE,admins,TRUE,TRUE,FALSE,TRUE,FALSE,TRUE,FALSE,FALSE,11.5,8,1,5,41,3,FALSE,0,blank,7.6,TRUE,TRUE,TRUE,4
15,15,TRUE,TRUE,TRUE,TRUE,TRUE,5,30,5.02,TRUE,4,16,1,FALSE,FALSE,TRUE,TRUE,admins,FALSE,TRUE,FALSE,TRUE,FALSE,TRUE,FALSE,FALSE,16,1,2,7,60,2,TRUE,38,blank,7.6,FALSE,TRUE,TRUE,4
0,0,TRUE,FALSE,FALSE,TRUE,TRUE,5,30,6,FALSE,4,10,10,FALSE,FALSE,TRUE,FALSE,admins,FALSE,TRUE,FALSE,TRUE,FALSE,TRUE,FALSE,FALSE,10,10,1,6,38,3,FALSE,0,blank,7.6,TRUE,TRUE,FALSE,4
15,15,TRUE,TRUE,TRUE,TRUE,TRUE,5,30,5.5,FALSE,4,12,8,FALSE,FALSE,TRUE,TRUE,admins,FALSE,TRUE,FALSE,TRUE,FALSE,TRUE,TRUE,TRUE,11.5,8,1,6,38,3,TRUE,38,blank,7.6,TRUE,TRUE,TRUE,4
15,15,FALSE,FALSE,TRUE,TRUE,FALSE,0,0,6,FALSE,4,10,8,FALSE,TRUE,TRUE,TRUE,admins,FALSE,TRUE,FALSE,FALSE,FALSE,TRUE,FALSE,FALSE,11.5,8,1,5,41,3,FALSE,0,department,7.6,TRUE,TRUE,TRUE,4
15,15,TRUE,TRUE,TRUE,TRUE,TRUE,5,30,11,FALSE,4,14,8,FALSE,TRUE,TRUE,TRUE,admins,FALSE,FALSE,FALSE,TRUE,FALSE,TRUE,FALSE,TRUE,11.5,8,2,10,38,2,TRUE,76,blank,6,TRUE,TRUE,TRUE,7
15,15,TRUE,TRUE,TRUE,TRUE,FALSE,5,30,5.5,FALSE,4,14,8,FALSE,TRUE,TRUE,TRUE,admins,FALSE,TRUE,FALSE,TRUE,FALSE,TRUE,FALSE,FALSE,11.5,8,1,5,41,3,TRUE,0,blank,7.6,TRUE,TRUE,TRUE,4
0,0,FALSE,FALSE,FALSE,FALSE,TRUE,5,0,5.5,FALSE,4,14,8,FALSE,FALSE,TRUE,TRUE,admins,FALSE,TRUE,FALSE,FALSE,FALSE,TRUE,FALSE,FALSE,11.5,8,1,5,41,3,FALSE,0,blank,7.6,TRUE,TRUE,FALSE,4
15,15,TRUE,TRUE,TRUE,TRUE,TRUE,5,30,7,FALSE,4,14,8,FALSE,TRUE,TRUE,TRUE,admins,FALSE,TRUE,FALSE,TRUE,FALSE,TRUE,FALSE,FALSE,11.5,8,1,5,41,3,FALSE,38,blank,7.6,TRUE,TRUE,TRUE,4
15,15,TRUE,FALSE,TRUE,TRUE,TRUE,5,0,5,FALSE,4,12,8,FALSE,TRUE,TRUE,TRUE,admins,FALSE,TRUE,FALSE,TRUE,FALSE,TRUE,FALSE,FALSE,12,8,1,5,41,4,FALSE,38,blank,7.6,TRUE,TRUE,TRUE,7
15,15,TRUE,TRUE,TRUE,TRUE,TRUE,5,30,5,FALSE,4,14,8,FALSE,TRUE,TRUE,TRUE,blank,FALSE,TRUE,FALSE,TRUE,FALSE,TRUE,FALSE,FALSE,11.5,8,1,5,41,3,FALSE,38,blank,7.6,TRUE,TRUE,FALSE,4
0,0,FALSE,FALSE,FALSE,FALSE,TRUE,5,0,0,FALSE,4,21,8,FALSE,TRUE,TRUE,TRUE,admins,FALSE,TRUE,FALSE,TRUE,FALSE,TRUE,FALSE,FALSE,11.5,8,1,5,41,3,FALSE,0,blank,7.6,TRUE,TRUE,FALSE,4
10,10,TRUE,TRUE,TRUE,TRUE,TRUE,5,30,5.5,FALSE,4,14,8,FALSE,TRUE,TRUE,TRUE,admins,FALSE,TRUE,FALSE,TRUE,FALSE,TRUE,FALSE,FALSE,11.5,8,1,5,41,3,FALSE,0,blank,7.6,TRUE,TRUE,FALSE,4
15,0,TRUE,FALSE,FALSE,TRUE,TRUE,5,30,5.5,FALSE,4,14,8,FALSE,FALSE,TRUE,FALSE,admins,FALSE,TRUE,FALSE,FALSE,FALSE,TRUE,FALSE,FALSE,11.5,8,1,5,41,3,FALSE,0,blank,7.6,TRUE,TRUE,FALSE,4
15,15,FALSE,FALSE,TRUE,TRUE,TRUE,5,30,5.5,FALSE,6,12,8,FALSE,TRUE,TRUE,TRUE,managers_and_admins,FALSE,TRUE,FALSE,TRUE,FALSE,TRUE,FALSE,FALSE,11.5,8,1,5,41,3,TRUE,0,blank,8,TRUE,TRUE,FALSE,4
15,15,FALSE,FALSE,FALSE,FALSE,TRUE,5,30,5.5,TRUE,4,14,8,FALSE,TRUE,TRUE,TRUE,managers_and_admins,FALSE,TRUE,FALSE,TRUE,FALSE,FALSE,FALSE,FALSE,11.5,8,1,5,41,3,FALSE,0,blank,7.6,TRUE,TRUE,TRUE,4
15,15,FALSE,FALSE,FALSE,FALSE,TRUE,5,30,5.5,FALSE,4,14,8,FALSE,FALSE,TRUE,FALSE,managers_and_admins,FALSE,TRUE,FALSE,FALSE,FALSE,TRUE,FALSE,FALSE,11.5,8,1,6,41,3,FALSE,0,blank,7.5,TRUE,TRUE,FALSE,4
15,15,TRUE,TRUE,TRUE,TRUE,TRUE,5,30,5.5,FALSE,4,14,8,FALSE,TRUE,TRUE,TRUE,admins,FALSE,TRUE,FALSE,TRUE,FALSE,TRUE,FALSE,FALSE,11.5,8,1,5,41,3,FALSE,0,blank,7.6,TRUE,TRUE,TRUE,4
15,15,FALSE,FALSE,FALSE,FALSE,TRUE,1,30,5.5,FALSE,4,14,8,FALSE,TRUE,TRUE,TRUE,managers,FALSE,TRUE,FALSE,TRUE,FALSE,TRUE,FALSE,FALSE,11.5,8,1,5,41,3,FALSE,0,blank,7.6,TRUE,TRUE,FALSE,4
5,15,TRUE,TRUE,TRUE,TRUE,TRUE,5,0,0,FALSE,4,14,8,FALSE,FALSE,TRUE,TRUE,admins,FALSE,TRUE,FALSE,TRUE,FALSE,TRUE,FALSE,FALSE,11.5,8,1,5,41,3,FALSE,0,blank,7.6,TRUE,TRUE,FALSE,4
10,0,TRUE,FALSE,FALSE,TRUE,TRUE,5,30,5.5,FALSE,4,14,1,FALSE,FALSE,TRUE,TRUE,admins,FALSE,TRUE,FALSE,TRUE,FALSE,TRUE,FALSE,TRUE,11.5,1,2,7,50,1,FALSE,38,blank,7.6,FALSE,TRUE,FALSE,1
15,15,TRUE,TRUE,TRUE,TRUE,TRUE,5,30,5.5,TRUE,4,10,8,FALSE,FALSE,FALSE,FALSE,admins,TRUE,TRUE,FALSE,TRUE,FALSE,FALSE,TRUE,TRUE,8,8,1,5,38,3,TRUE,40,blank,7.6,TRUE,TRUE,TRUE,14
20,20,TRUE,TRUE,TRUE,TRUE,FALSE,5,30,6,FALSE,4,14,8,FALSE,FALSE,FALSE,FALSE,admins,FALSE,TRUE,FALSE,TRUE,FALSE,FALSE,FALSE,FALSE,11.5,8,1,5,41,3,TRUE,0,blank,7.6,FALSE,FALSE,TRUE,0
0,0,TRUE,FALSE,FALSE,TRUE,TRUE,5,30,5,FALSE,4,12,8,FALSE,TRUE,TRUE,TRUE,admins,FALSE,TRUE,FALSE,FALSE,FALSE,FALSE,FALSE,FALSE,11.5,8,1,6,41,3,FALSE,0,blank,7.6,TRUE,TRUE,FALSE,4
15,15,TRUE,TRUE,TRUE,TRUE,TRUE,5,30,5,FALSE,4,14,8,FALSE,TRUE,TRUE,TRUE,admins,FALSE,TRUE,FALSE,TRUE,FALSE,TRUE,FALSE,FALSE,12.5,8,1,5,60,3,FALSE,0,department,7.6,TRUE,TRUE,TRUE,4
1,1,TRUE,TRUE,TRUE,FALSE,FALSE,5,30,5,FALSE,4,15,10,FALSE,FALSE,FALSE,FALSE,admins,FALSE,TRUE,FALSE,FALSE,FALSE,TRUE,FALSE,FALSE,11.5,8,1,5,41,3,FALSE,0,blank,7.6,TRUE,TRUE,FALSE,4
15,15,TRUE,TRUE,FALSE,FALSE,TRUE,5,0,0,FALSE,4,14,10,FALSE,TRUE,TRUE,TRUE,managers_and_admins,FALSE,TRUE,FALSE,TRUE,FALSE,TRUE,FALSE,FALSE,11.5,8,2,10,41,3,FALSE,0,blank,7.6,TRUE,TRUE,TRUE,4
60,60,TRUE,TRUE,TRUE,TRUE,TRUE,5,5,10,FALSE,4,14,8,FALSE,TRUE,TRUE,TRUE,admins,FALSE,TRUE,FALSE,TRUE,TRUE,FALSE,FALSE,FALSE,11.5,8,1,5,41,3,TRUE,0,blank,7.6,TRUE,TRUE,TRUE,4
15,15,FALSE,FALSE,FALSE,FALSE,TRUE,5,30,5.5,FALSE,4,14,8,FALSE,TRUE,TRUE,TRUE,admins,FALSE,TRUE,FALSE,TRUE,FALSE,TRUE,FALSE,FALSE,11.5,8,1,5,41,3,FALSE,0,blank,7.6,TRUE,TRUE,TRUE,4
15,15,TRUE,TRUE,TRUE,TRUE,TRUE,5,30,5.5,FALSE,4,14,8,FALSE,FALSE,TRUE,FALSE,managers_and_admins,TRUE,TRUE,FALSE,FALSE,FALSE,FALSE,FALSE,FALSE,11.5,8,1,5,41,3,TRUE,80,blank,7.6,TRUE,TRUE,FALSE,4
15,15,FALSE,FALSE,FALSE,FALSE,FALSE,5,30,0,FALSE,4,14,8,FALSE,FALSE,TRUE,TRUE,admins,FALSE,TRUE,FALSE,TRUE,FALSE,FALSE,FALSE,FALSE,11.5,8,1,5,41,3,FALSE,38,blank,8,TRUE,TRUE,FALSE,4
15,15,TRUE,TRUE,TRUE,TRUE,TRUE,5,30,5.02,TRUE,4,16,1,FALSE,TRUE,TRUE,TRUE,admins,FALSE,TRUE,FALSE,TRUE,FALSE,TRUE,FALSE,FALSE,16,1,2,7,60,2,TRUE,38,blank,7.6,FALSE,TRUE,TRUE,4
15,15,TRUE,TRUE,TRUE,TRUE,TRUE,5,30,5.5,FALSE,4,14,8,FALSE,FALSE,FALSE,TRUE,admins,FALSE,TRUE,FALSE,TRUE,FALSE,TRUE,FALSE,FALSE,11.5,8,1,5,41,3,FALSE,40,blank,7.6,TRUE,TRUE,TRUE,4
15,15,TRUE,TRUE,TRUE,TRUE,TRUE,5,0,8.5,FALSE,4,14,8,FALSE,TRUE,TRUE,TRUE,admins,FALSE,TRUE,FALSE,TRUE,FALSE,TRUE,FALSE,FALSE,11.5,8,1,6,41,1,FALSE,0,blank,7.6,TRUE,TRUE,TRUE,4
0,0,FALSE,FALSE,FALSE,FALSE,FALSE,5,0,0,FALSE,4,14,10,FALSE,TRUE,TRUE,TRUE,admins,FALSE,TRUE,TRUE,TRUE,FALSE,FALSE,FALSE,TRUE,11.5,8,1,5,41,3,FALSE,0,blank,7.6,TRUE,TRUE,FALSE,4
15,15,TRUE,TRUE,TRUE,TRUE,TRUE,5,30,5.5,FALSE,4,14,8,FALSE,TRUE,TRUE,TRUE,admins,FALSE,TRUE,FALSE,TRUE,FALSE,TRUE,FALSE,FALSE,11.5,8,1,5,41,3,TRUE,38,blank,7.6,TRUE,TRUE,TRUE,4
15,15,TRUE,TRUE,TRUE,TRUE,TRUE,5,0,5.5,FALSE,4,14,8,FALSE,TRUE,TRUE,TRUE,admins,FALSE,FALSE,FALSE,TRUE,FALSE,TRUE,FALSE,FALSE,11.5,8,1,5,41,3,FALSE,0,blank,7.6,TRUE,TRUE,TRUE,4
15,15,TRUE,TRUE,FALSE,FALSE,FALSE,5,30,6,TRUE,4,15,8,FALSE,TRUE,FALSE,FALSE,managers_and_admins,FALSE,TRUE,FALSE,FALSE,FALSE,FALSE,TRUE,FALSE,11.5,8,1,5,41,3,FALSE,38,blank,7.6,FALSE,TRUE,FALSE,0
0,0,FALSE,FALSE,FALSE,FALSE,TRUE,5,30,5.5,FALSE,4,14,8,FALSE,TRUE,TRUE,TRUE,admins,FALSE,TRUE,FALSE,TRUE,FALSE,TRUE,FALSE,FALSE,11.5,8,1,5,41,3,FALSE,0,blank,7.6,TRUE,TRUE,FALSE,4
15,15,TRUE,TRUE,TRUE,TRUE,TRUE,5,30,5.5,FALSE,4,14,8,FALSE,TRUE,TRUE,TRUE,admins,FALSE,FALSE,FALSE,TRUE,FALSE,TRUE,FALSE,FALSE,11.5,8,1,5,41,3,FALSE,40,blank,7.6,TRUE,TRUE,TRUE,4
15,15,TRUE,TRUE,TRUE,TRUE,TRUE,5,30,5.5,FALSE,4,14,8,FALSE,FALSE,TRUE,FALSE,managers_and_admins,TRUE,TRUE,FALSE,FALSE,FALSE,TRUE,TRUE,TRUE,11.5,8,1,5,41,3,FALSE,0,blank,0,TRUE,TRUE,TRUE,4
300,0,TRUE,FALSE,TRUE,TRUE,TRUE,1,30,6.02,TRUE,4,14,8,FALSE,TRUE,TRUE,TRUE,admins,TRUE,TRUE,FALSE,FALSE,FALSE,TRUE,FALSE,TRUE,11.5,8,4,6,41,3,TRUE,0,blank,7.6,TRUE,TRUE,FALSE,4
15,15,TRUE,TRUE,TRUE,TRUE,TRUE,5,60,6.5,FALSE,4,14,8,FALSE,FALSE,TRUE,TRUE,admins,FALSE,FALSE,FALSE,TRUE,FALSE,TRUE,FALSE,FALSE,11.5,8,1,5,41,3,FALSE,0,blank,8,TRUE,TRUE,FALSE,4
15,15,TRUE,TRUE,TRUE,TRUE,FALSE,5,30,7,FALSE,4,13,8,FALSE,TRUE,TRUE,TRUE,admins,FALSE,TRUE,FALSE,TRUE,FALSE,TRUE,FALSE,TRUE,13,8,2,5,41,3,TRUE,40,blank,8,TRUE,TRUE,TRUE,4
15,15,TRUE,TRUE,TRUE,TRUE,TRUE,5,15,4,FALSE,4,14,8,FALSE,TRUE,TRUE,TRUE,admins,FALSE,TRUE,FALSE,TRUE,FALSE,TRUE,FALSE,FALSE,11.5,8,1,5,41,3,FALSE,0,blank,7.6,TRUE,TRUE,TRUE,4
120,120,TRUE,TRUE,TRUE,TRUE,FALSE,5,30,5.5,FALSE,4,12,8,FALSE,FALSE,TRUE,TRUE,admins,FALSE,FALSE,FALSE,FALSE,FALSE,FALSE,FALSE,TRUE,12,10,2,11,50,3,FALSE,0,blank,7.5,TRUE,TRUE,FALSE,4
15,15,TRUE,TRUE,TRUE,TRUE,TRUE,5,30,6.02,FALSE,4,12,10,FALSE,FALSE,TRUE,TRUE,admins,TRUE,TRUE,FALSE,FALSE,FALSE,TRUE,FALSE,FALSE,11.5,10,3,7,55,2,TRUE,0,blank,7.6,TRUE,TRUE,TRUE,4
15,15,TRUE,TRUE,TRUE,TRUE,TRUE,5,30,5.5,FALSE,4,14,8,FALSE,TRUE,TRUE,TRUE,admins,FALSE,TRUE,FALSE,TRUE,FALSE,TRUE,FALSE,FALSE,11.5,8,1,5,41,3,FALSE,0,blank,7.6,TRUE,TRUE,TRUE,4
300,0,TRUE,FALSE,TRUE,TRUE,TRUE,1,30,6.02,FALSE,4,14,8,FALSE,FALSE,TRUE,TRUE,admins,TRUE,TRUE,FALSE,FALSE,FALSE,TRUE,FALSE,FALSE,11.5,8,4,6,41,3,TRUE,0,blank,7.6,TRUE,TRUE,FALSE,4
15,15,TRUE,TRUE,TRUE,TRUE,FALSE,5,30,6,FALSE,4,14,8,FALSE,TRUE,TRUE,TRUE,admins,FALSE,TRUE,FALSE,TRUE,FALSE,TRUE,FALSE,TRUE,10,8,1,5,50,3,TRUE,0,blank,8.6,TRUE,TRUE,TRUE,4
15,15,TRUE,TRUE,TRUE,TRUE,TRUE,5,30,5.5,FALSE,4,14,8,FALSE,TRUE,TRUE,TRUE,admins,FALSE,TRUE,FALSE,TRUE,FALSE,TRUE,FALSE,FALSE,11.5,8,1,5,41,3,TRUE,76,blank,7.6,TRUE,TRUE,TRUE,4
5,15,TRUE,TRUE,TRUE,TRUE,TRUE,5,0,5.5,FALSE,4,14,8,FALSE,TRUE,TRUE,TRUE,admins,FALSE,TRUE,TRUE,TRUE,FALSE,TRUE,TRUE,FALSE,11.5,8,1,5,41,3,FALSE,0,blank,7.6,FALSE,TRUE,TRUE,4
15,15,TRUE,TRUE,TRUE,TRUE,TRUE,5,30,5.5,FALSE,4,14,8,FALSE,FALSE,TRUE,TRUE,managers_and_admins,FALSE,TRUE,FALSE,TRUE,FALSE,TRUE,FALSE,FALSE,11.5,8,1,5,41,2,TRUE,76,blank,7.6,TRUE,TRUE,FALSE,4
15,15,TRUE,TRUE,TRUE,TRUE,TRUE,5,30,5.5,FALSE,4,14,8,FALSE,TRUE,TRUE,TRUE,admins,FALSE,TRUE,FALSE,TRUE,FALSE,TRUE,FALSE,FALSE,11.5,8,1,5,41,3,FALSE,38,blank,7.6,TRUE,TRUE,TRUE,4
15,15,TRUE,TRUE,TRUE,TRUE,FALSE,5,30,5.5,FALSE,4,14,8,FALSE,FALSE,TRUE,TRUE,admins,TRUE,TRUE,FALSE,TRUE,FALSE,TRUE,FALSE,FALSE,11.5,8,1,5,41,3,TRUE,90,blank,7.6,FALSE,TRUE,FALSE,4
1,1,TRUE,TRUE,FALSE,FALSE,TRUE,5,30,5.5,FALSE,4,14,8,FALSE,TRUE,TRUE,TRUE,admins,FALSE,TRUE,FALSE,TRUE,FALSE,TRUE,FALSE,FALSE,11.5,8,1,5,41,3,FALSE,0,blank,7.6,TRUE,TRUE,FALSE,4
60,60,TRUE,TRUE,TRUE,TRUE,TRUE,5,0,5.5,FALSE,4,14,2,FALSE,FALSE,FALSE,FALSE,admins,FALSE,FALSE,FALSE,TRUE,FALSE,TRUE,FALSE,FALSE,11.5,8,1,5,41,3,FALSE,0,blank,7.6,TRUE,TRUE,TRUE,4
15,0,TRUE,TRUE,TRUE,TRUE,TRUE,5,30,5.5,FALSE,4,14,8,FALSE,TRUE,TRUE,FALSE,admins,FALSE,TRUE,FALSE,FALSE,FALSE,TRUE,FALSE,FALSE,11.5,8,1,5,41,3,FALSE,0,blank,7.6,TRUE,TRUE,TRUE,4
15,5,TRUE,TRUE,TRUE,TRUE,TRUE,5,30,5.5,FALSE,4,14,8,FALSE,FALSE,TRUE,TRUE,managers,TRUE,TRUE,FALSE,TRUE,TRUE,TRUE,FALSE,FALSE,11.5,8,1,5,41,3,FALSE,38,blank,7.6,TRUE,TRUE,TRUE,1
15,15,TRUE,TRUE,FALSE,FALSE,TRUE,5,30,8,FALSE,4,14,10,FALSE,TRUE,TRUE,TRUE,admins,FALSE,TRUE,FALSE,TRUE,FALSE,TRUE,FALSE,FALSE,11.5,8,1,5,41,3,FALSE,0,blank,8,TRUE,TRUE,FALSE,4
300,0,TRUE,FALSE,TRUE,TRUE,TRUE,1,30,6.02,TRUE,4,14,8,FALSE,FALSE,TRUE,TRUE,managers_and_admins,TRUE,TRUE,FALSE,FALSE,FALSE,TRUE,FALSE,TRUE,11.5,1,4,6,41,3,TRUE,0,blank,7.6,TRUE,TRUE,FALSE,4
0,0,FALSE,FALSE,FALSE,FALSE,TRUE,5,30,5.5,FALSE,4,14,8,FALSE,TRUE,TRUE,TRUE,admins,FALSE,TRUE,FALSE,TRUE,FALSE,TRUE,FALSE,FALSE,11.5,8,1,5,41,3,FALSE,0,blank,7.6,TRUE,TRUE,TRUE,4
15,15,TRUE,TRUE,TRUE,TRUE,TRUE,5,30,5.5,FALSE,4,14,8,FALSE,TRUE,TRUE,TRUE,admins,FALSE,TRUE,FALSE,TRUE,FALSE,TRUE,FALSE,FALSE,11.5,8,1,5,41,3,TRUE,38,blank,7.6,TRUE,TRUE,TRUE,4
5,5,TRUE,TRUE,TRUE,TRUE,TRUE,5,0,0,FALSE,4,14,8,FALSE,TRUE,TRUE,TRUE,admins,TRUE,TRUE,FALSE,TRUE,FALSE,TRUE,FALSE,FALSE,11.5,8,1,5,41,3,TRUE,0,blank,7.6,TRUE,TRUE,TRUE,28
15,15,TRUE,TRUE,TRUE,TRUE,TRUE,5,60,6,FALSE,4,14,3,FALSE,FALSE,TRUE,TRUE,admins,FALSE,TRUE,FALSE,TRUE,TRUE,FALSE,FALSE,FALSE,12,8,1,6,41,3,TRUE,60,blank,7.6,TRUE,TRUE,TRUE,7
15,15,TRUE,TRUE,TRUE,TRUE,TRUE,5,30,5.5,FALSE,4,14,8,FALSE,FALSE,FALSE,FALSE,admins,FALSE,TRUE,FALSE,TRUE,FALSE,TRUE,FALSE,TRUE,11.5,8,1,5,38,3,TRUE,80,blank,7.6,TRUE,TRUE,TRUE,14
15,15,TRUE,TRUE,TRUE,TRUE,TRUE,5,30,5.5,FALSE,4,14,8,FALSE,TRUE,TRUE,TRUE,admins,FALSE,TRUE,FALSE,TRUE,FALSE,TRUE,FALSE,FALSE,11.5,8,1,5,41,3,TRUE,0,blank,7.6,TRUE,TRUE,TRUE,4
15,15,TRUE,TRUE,TRUE,TRUE,TRUE,5,30,5.5,FALSE,4,14,8,FALSE,TRUE,TRUE,TRUE,admins,FALSE,TRUE,FALSE,TRUE,FALSE,TRUE,FALSE,FALSE,11.5,8,1,5,41,3,TRUE,38,blank,7.6,TRUE,TRUE,TRUE,4
15,15,TRUE,TRUE,TRUE,TRUE,TRUE,5,30,5.5,FALSE,4,14,8,FALSE,TRUE,TRUE,TRUE,admins,FALSE,TRUE,FALSE,FALSE,FALSE,TRUE,FALSE,FALSE,11.5,8,1,5,41,3,FALSE,0,blank,7.6,TRUE,TRUE,TRUE,4
15,15,TRUE,TRUE,FALSE,FALSE,FALSE,5,0,5.5,FALSE,4,14,8,FALSE,TRUE,TRUE,FALSE,admins,FALSE,TRUE,FALSE,FALSE,FALSE,FALSE,FALSE,FALSE,11.5,8,1,5,41,3,TRUE,76,blank,7.6,TRUE,TRUE,FALSE,4
15,15,FALSE,FALSE,TRUE,TRUE,TRUE,5,0,0,FALSE,4,10,10,FALSE,FALSE,TRUE,TRUE,admins,FALSE,FALSE,FALSE,FALSE,FALSE,TRUE,FALSE,FALSE,11.5,8,1,5,41,3,TRUE,0,blank,7.6,TRUE,TRUE,FALSE,4
0,0,FALSE,FALSE,FALSE,FALSE,TRUE,5,0,5.5,FALSE,4,14,10,FALSE,TRUE,TRUE,TRUE,admins,FALSE,TRUE,FALSE,FALSE,FALSE,FALSE,FALSE,TRUE,14,8,1,5,38,3,FALSE,0,blank,7.6,TRUE,TRUE,TRUE,14
15,15,TRUE,TRUE,TRUE,TRUE,FALSE,5,30,5.5,FALSE,4,15,8,FALSE,FALSE,TRUE,TRUE,managers,TRUE,TRUE,FALSE,TRUE,FALSE,TRUE,FALSE,FALSE,11.5,8,2,7,41,3,TRUE,38,blank,7.6,TRUE,TRUE,FALSE,7
35,15,TRUE,TRUE,TRUE,TRUE,TRUE,5,30,5.5,FALSE,4,14,8,FALSE,TRUE,TRUE,TRUE,admins,FALSE,FALSE,FALSE,TRUE,FALSE,TRUE,FALSE,FALSE,9,8,1,5,39,2,FALSE,0,blank,8,TRUE,TRUE,TRUE,4
30,0,TRUE,TRUE,TRUE,TRUE,FALSE,5,0,8.5,FALSE,4,14,8,FALSE,TRUE,TRUE,TRUE,admins,FALSE,TRUE,FALSE,TRUE,FALSE,TRUE,FALSE,FALSE,11.5,8,2,10,41,2,TRUE,40,blank,7.6,TRUE,TRUE,TRUE,8
15,15,TRUE,TRUE,TRUE,TRUE,TRUE,5,0,5.5,TRUE,4,14,8,FALSE,TRUE,TRUE,TRUE,admins,FALSE,TRUE,FALSE,TRUE,FALSE,TRUE,FALSE,FALSE,11.5,8,1,5,41,3,TRUE,0,blank,7.6,TRUE,TRUE,TRUE,4
13,10,TRUE,TRUE,TRUE,TRUE,TRUE,15,0,5,FALSE,3,14,8,FALSE,TRUE,TRUE,TRUE,managers_and_admins,FALSE,TRUE,FALSE,TRUE,FALSE,TRUE,FALSE,TRUE,11.5,8,2,9,41,2,FALSE,38,blank,8,TRUE,TRUE,TRUE,4
15,15,TRUE,TRUE,TRUE,TRUE,TRUE,5,30,5.5,FALSE,4,14,8,FALSE,FALSE,TRUE,TRUE,admins,TRUE,TRUE,FALSE,TRUE,FALSE,TRUE,FALSE,FALSE,11.5,8,1,5,41,3,TRUE,0,blank,7.6,TRUE,TRUE,TRUE,4
0,0,FALSE,FALSE,FALSE,FALSE,FALSE,5,0,5.5,FALSE,4,14,8,FALSE,TRUE,TRUE,TRUE,admins,FALSE,TRUE,FALSE,TRUE,FALSE,FALSE,FALSE,FALSE,11.5,8,1,5,41,3,FALSE,40,blank,7.6,TRUE,TRUE,FALSE,4
15,15,TRUE,TRUE,TRUE,TRUE,TRUE,5,30,5.5,FALSE,4,14,8,FALSE,TRUE,TRUE,TRUE,admins,FALSE,FALSE,FALSE,TRUE,FALSE,TRUE,FALSE,FALSE,11.5,8,1,5,41,3,FALSE,76,blank,7.6,TRUE,TRUE,FALSE,4
15,15,TRUE,TRUE,TRUE,TRUE,TRUE,5,30,5.5,FALSE,4,14,8,FALSE,TRUE,TRUE,TRUE,admins,FALSE,TRUE,FALSE,TRUE,FALSE,TRUE,FALSE,FALSE,11.5,8,1,5,41,3,TRUE,38,blank,7.6,TRUE,TRUE,TRUE,4
5,5,TRUE,TRUE,TRUE,TRUE,TRUE,5,30,5.5,FALSE,4,14,8,FALSE,TRUE,TRUE,TRUE,admins,TRUE,TRUE,FALSE,TRUE,FALSE,TRUE,FALSE,FALSE,11.5,8,1,5,41,3,TRUE,0,blank,7.6,TRUE,TRUE,TRUE,4
0,0,FALSE,FALSE,FALSE,FALSE,TRUE,5,30,5.5,FALSE,4,14,8,FALSE,TRUE,TRUE,TRUE,admins,FALSE,TRUE,FALSE,FALSE,FALSE,TRUE,FALSE,FALSE,11.5,8,1,5,41,3,FALSE,0,blank,7.6,TRUE,TRUE,TRUE,14
15,15,TRUE,TRUE,TRUE,TRUE,TRUE,5,30,5.5,FALSE,6,14,8,FALSE,TRUE,TRUE,TRUE,admins,FALSE,TRUE,FALSE,TRUE,FALSE,TRUE,FALSE,FALSE,11.5,8,1,5,41,3,FALSE,38,blank,7.6,TRUE,TRUE,TRUE,4
15,15,TRUE,TRUE,TRUE,TRUE,TRUE,5,30,5.5,FALSE,4,14,8,FALSE,TRUE,TRUE,TRUE,admins,FALSE,TRUE,FALSE,TRUE,FALSE,TRUE,FALSE,FALSE,11.5,8,1,5,41,3,TRUE,38,blank,7.6,TRUE,TRUE,TRUE,4
15,15,FALSE,FALSE,TRUE,TRUE,TRUE,5,30,5.5,FALSE,4,14,8,FALSE,TRUE,TRUE,TRUE,admins,FALSE,FALSE,FALSE,TRUE,FALSE,TRUE,FALSE,FALSE,11.5,8,1,5,41,3,FALSE,0,blank,7.6,TRUE,TRUE,TRUE,4
15,15,TRUE,TRUE,TRUE,TRUE,TRUE,5,30,5.5,FALSE,4,14,8,FALSE,TRUE,TRUE,TRUE,managers_and_admins,FALSE,TRUE,FALSE,FALSE,FALSE,TRUE,FALSE,FALSE,11.5,8,1,5,41,3,FALSE,0,blank,7.6,TRUE,TRUE,TRUE,4
59,15,TRUE,TRUE,TRUE,TRUE,FALSE,5,30,5.5,TRUE,4,14,8,FALSE,TRUE,TRUE,TRUE,admins,FALSE,TRUE,FALSE,TRUE,FALSE,TRUE,FALSE,FALSE,11.5,8,1,5,41,3,TRUE,38,blank,7.6,TRUE,TRUE,TRUE,4
15,15,FALSE,TRUE,TRUE,TRUE,TRUE,5,60,5.25,FALSE,4,14,8,FALSE,FALSE,TRUE,TRUE,admins,FALSE,TRUE,FALSE,TRUE,FALSE,TRUE,FALSE,FALSE,11.5,8,1,5,41,3,TRUE,0,blank,7.6,TRUE,TRUE,TRUE,4
15,5,TRUE,FALSE,TRUE,TRUE,FALSE,5,30,0,TRUE,4,12,10,FALSE,TRUE,TRUE,TRUE,admins,FALSE,TRUE,FALSE,TRUE,FALSE,TRUE,FALSE,FALSE,11.5,8,1,5,41,3,FALSE,0,blank,7.6,TRUE,TRUE,FALSE,4
30,0,TRUE,TRUE,TRUE,TRUE,TRUE,5,0,5.5,FALSE,4,14,8,FALSE,TRUE,TRUE,TRUE,admins,TRUE,TRUE,FALSE,TRUE,FALSE,TRUE,FALSE,FALSE,11.5,8,1,5,41,3,TRUE,0,blank,0,TRUE,TRUE,TRUE,4
0,0,FALSE,FALSE,FALSE,FALSE,TRUE,5,30,5,FALSE,4,14,8,FALSE,TRUE,TRUE,TRUE,managers,TRUE,TRUE,FALSE,FALSE,FALSE,FALSE,FALSE,TRUE,10,8,1,5,38,3,FALSE,0,blank,7.6,TRUE,TRUE,FALSE,4
15,15,TRUE,TRUE,TRUE,TRUE,TRUE,5,60,5.5,FALSE,4,14,8,FALSE,FALSE,TRUE,FALSE,admins,FALSE,FALSE,FALSE,TRUE,FALSE,TRUE,FALSE,FALSE,11.5,8,1,5,41,3,FALSE,0,blank,7.6,TRUE,TRUE,TRUE,4
15,15,TRUE,TRUE,TRUE,TRUE,TRUE,5,0,5.5,FALSE,4,14,8,FALSE,TRUE,TRUE,TRUE,admins,FALSE,TRUE,FALSE,TRUE,FALSE,TRUE,FALSE,FALSE,11.5,8,1,5,41,3,FALSE,0,blank,8,TRUE,TRUE,TRUE,4
5,15,TRUE,TRUE,TRUE,TRUE,TRUE,5,30,5.5,FALSE,4,14,8,FALSE,FALSE,TRUE,TRUE,admins,FALSE,TRUE,FALSE,TRUE,FALSE,FALSE,FALSE,TRUE,11.5,8,1,5,41,3,TRUE,38,blank,7.6,TRUE,TRUE,TRUE,4
15,15,TRUE,FALSE,FALSE,FALSE,FALSE,5,0,5.5,FALSE,4,14,8,FALSE,TRUE,TRUE,TRUE,admins,FALSE,TRUE,FALSE,TRUE,FALSE,TRUE,FALSE,FALSE,11.5,8,1,5,41,3,FALSE,0,blank,7.6,TRUE,TRUE,FALSE,4
15,15,TRUE,TRUE,FALSE,FALSE,TRUE,5,30,5.5,FALSE,4,14,8,FALSE,TRUE,TRUE,TRUE,admins,FALSE,TRUE,FALSE,TRUE,FALSE,FALSE,FALSE,FALSE,11.5,8,1,5,41,3,FALSE,0,blank,7.6,TRUE,TRUE,FALSE,4
15,15,TRUE,TRUE,TRUE,TRUE,TRUE,5,30,5.5,FALSE,4,14,8,FALSE,TRUE,TRUE,TRUE,admins,FALSE,TRUE,FALSE,TRUE,FALSE,TRUE,FALSE,FALSE,11.5,8,1,5,41,3,TRUE,38,blank,7.6,TRUE,TRUE,TRUE,4
15,15,TRUE,TRUE,TRUE,TRUE,TRUE,5,30,5.5,FALSE,4,14,8,FALSE,TRUE,TRUE,TRUE,admins,TRUE,TRUE,FALSE,TRUE,TRUE,TRUE,TRUE,TRUE,11.5,8,2,6,38,2,TRUE,38,blank,7.6,TRUE,TRUE,TRUE,4
200,5,TRUE,TRUE,TRUE,TRUE,TRUE,5,30,6.17,FALSE,4,14,8,FALSE,FALSE,TRUE,FALSE,admins,FALSE,TRUE,FALSE,TRUE,FALSE,TRUE,FALSE,FALSE,11.5,8,1,5,41,4,TRUE,0,blank,7.6,TRUE,TRUE,TRUE,4
20,15,TRUE,TRUE,TRUE,TRUE,TRUE,5,30,5.5,FALSE,4,14,8,FALSE,TRUE,TRUE,TRUE,admins,FALSE,TRUE,FALSE,TRUE,FALSE,TRUE,FALSE,FALSE,11.5,8,1,5,41,3,TRUE,38,blank,7.6,TRUE,TRUE,TRUE,14
25,15,TRUE,TRUE,TRUE,TRUE,TRUE,5,0,5.5,FALSE,4,14,8,FALSE,FALSE,TRUE,FALSE,admins,FALSE,TRUE,FALSE,TRUE,FALSE,TRUE,FALSE,FALSE,11.5,8,1,5,41,3,TRUE,40,blank,7.6,TRUE,TRUE,TRUE,4
15,14,TRUE,TRUE,TRUE,TRUE,TRUE,5,30,5,FALSE,4,14,8,FALSE,FALSE,TRUE,FALSE,admins,FALSE,TRUE,FALSE,FALSE,FALSE,TRUE,FALSE,FALSE,11.5,8,1,5,41,3,FALSE,0,blank,7.6,TRUE,TRUE,TRUE,4
0,0,FALSE,FALSE,FALSE,FALSE,TRUE,5,30,5,FALSE,4,14,8,FALSE,TRUE,TRUE,TRUE,admins,FALSE,TRUE,FALSE,FALSE,FALSE,TRUE,FALSE,TRUE,11.5,8,2,5,41,3,FALSE,0,blank,7.6,TRUE,TRUE,TRUE,4
15,15,TRUE,TRUE,TRUE,TRUE,TRUE,5,30,5,FALSE,4,14,8,FALSE,TRUE,TRUE,TRUE,admins,TRUE,TRUE,FALSE,TRUE,FALSE,TRUE,FALSE,FALSE,11.5,8,1,5,41,3,FALSE,0,blank,8,TRUE,TRUE,FALSE,4
0,0,TRUE,FALSE,FALSE,TRUE,TRUE,0,30,5.5,FALSE,4,10,10,FALSE,FALSE,TRUE,TRUE,managers,TRUE,TRUE,FALSE,TRUE,FALSE,TRUE,TRUE,TRUE,11.5,8,1,6,44,3,FALSE,0,blank,7.5,TRUE,TRUE,FALSE,7
15,15,FALSE,FALSE,TRUE,TRUE,TRUE,5,30,5.5,FALSE,6,12,8,FALSE,TRUE,TRUE,TRUE,managers_and_admins,FALSE,TRUE,FALSE,TRUE,FALSE,TRUE,FALSE,FALSE,11.5,8,1,5,41,3,FALSE,0,blank,7.6,TRUE,TRUE,FALSE,4
30,1,TRUE,FALSE,FALSE,FALSE,FALSE,5,30,5.5,FALSE,4,14,10,FALSE,FALSE,TRUE,TRUE,admins,FALSE,TRUE,FALSE,TRUE,FALSE,FALSE,TRUE,FALSE,14,10,1,5,70,3,FALSE,0,blank,7.6,TRUE,TRUE,TRUE,4
15,15,TRUE,TRUE,TRUE,TRUE,TRUE,5,30,5.5,FALSE,4,14,8,FALSE,TRUE,TRUE,TRUE,admins,FALSE,TRUE,FALSE,TRUE,FALSE,TRUE,FALSE,FALSE,11.5,8,1,5,41,3,TRUE,38,blank,7.6,TRUE,TRUE,TRUE,4
200,0,TRUE,TRUE,TRUE,TRUE,TRUE,5,30,5,FALSE,4,14,8,FALSE,TRUE,TRUE,TRUE,managers_and_admins,FALSE,TRUE,FALSE,TRUE,FALSE,FALSE,FALSE,FALSE,11.5,8,1,5,41,3,TRUE,76,blank,7.6,TRUE,TRUE,TRUE,4
15,15,TRUE,TRUE,FALSE,FALSE,FALSE,5,30,5,TRUE,4,14,10,FALSE,TRUE,FALSE,TRUE,admins,FALSE,TRUE,FALSE,FALSE,FALSE,TRUE,FALSE,TRUE,11.5,8,1,7,41,3,FALSE,0,blank,7.6,TRUE,TRUE,FALSE,4
15,15,TRUE,TRUE,TRUE,TRUE,TRUE,5,30,5.5,FALSE,4,14,8,FALSE,TRUE,TRUE,TRUE,admins,FALSE,TRUE,FALSE,TRUE,FALSE,TRUE,FALSE,FALSE,11.5,8,1,5,41,3,TRUE,0,blank,7.6,TRUE,TRUE,TRUE,4
90,15,TRUE,TRUE,TRUE,TRUE,TRUE,5,30,5.5,FALSE,4,14,8,FALSE,TRUE,TRUE,TRUE,admins,FALSE,TRUE,FALSE,TRUE,FALSE,TRUE,FALSE,FALSE,10,8,1,5,38,3,TRUE,0,blank,7.5,TRUE,TRUE,TRUE,7
15,15,TRUE,TRUE,FALSE,FALSE,TRUE,1,30,0,FALSE,4,14,2,FALSE,TRUE,TRUE,TRUE,managers_and_admins,FALSE,TRUE,FALSE,FALSE,FALSE,TRUE,FALSE,FALSE,12,2,2,5,60,2,FALSE,0,blank,7.6,TRUE,TRUE,FALSE,4
15,15,TRUE,TRUE,TRUE,TRUE,TRUE,5,30,5.5,FALSE,4,14,8,FALSE,TRUE,TRUE,TRUE,admins,FALSE,TRUE,FALSE,TRUE,FALSE,TRUE,FALSE,FALSE,11.5,8,1,5,41,3,FALSE,0,blank,7.6,TRUE,TRUE,TRUE,4
30,15,TRUE,TRUE,TRUE,TRUE,FALSE,5,0,0,FALSE,4,18,6,FALSE,FALSE,TRUE,TRUE,admins,FALSE,TRUE,FALSE,TRUE,FALSE,TRUE,FALSE,FALSE,11.5,8,1,5,41,3,FALSE,0,blank,7.6,TRUE,TRUE,FALSE,4
30,5,TRUE,FALSE,TRUE,TRUE,TRUE,5,60,5.5,FALSE,4,14,8,FALSE,TRUE,TRUE,TRUE,admins,FALSE,TRUE,FALSE,TRUE,FALSE,TRUE,FALSE,TRUE,14,1,3,14,50,3,FALSE,0,blank,7.6,TRUE,TRUE,TRUE,4
30,15,TRUE,TRUE,TRUE,TRUE,FALSE,5,30,5.5,FALSE,4,14,8,FALSE,TRUE,TRUE,TRUE,admins,FALSE,TRUE,FALSE,TRUE,FALSE,TRUE,FALSE,FALSE,11.5,8,1,5,41,3,TRUE,0,blank,7.6,TRUE,TRUE,TRUE,4
120,120,TRUE,TRUE,TRUE,TRUE,TRUE,5,0,8.5,FALSE,4,10,8,FALSE,FALSE,TRUE,TRUE,managers_and_admins,FALSE,FALSE,FALSE,FALSE,FALSE,TRUE,FALSE,FALSE,11.5,8,1,5,40,3,FALSE,0,blank,7.6,TRUE,TRUE,FALSE,31
30,30,FALSE,FALSE,TRUE,TRUE,TRUE,10,120,5.5,FALSE,4,12,5,FALSE,TRUE,TRUE,FALSE,admins,FALSE,TRUE,FALSE,FALSE,FALSE,TRUE,FALSE,TRUE,11.5,8,1,5,41,3,TRUE,0,blank,0,TRUE,TRUE,TRUE,4
30,15,FALSE,FALSE,TRUE,TRUE,TRUE,5,0,0,FALSE,4,14,5,FALSE,FALSE,TRUE,TRUE,admins,FALSE,TRUE,FALSE,TRUE,FALSE,TRUE,FALSE,FALSE,11.5,8,1,5,41,3,FALSE,0,blank,7.6,TRUE,TRUE,FALSE,4
0,0,FALSE,FALSE,FALSE,FALSE,TRUE,5,60,6,FALSE,4,8,8,FALSE,TRUE,TRUE,TRUE,admins,FALSE,TRUE,FALSE,TRUE,FALSE,FALSE,FALSE,FALSE,11.5,8,1,5,41,3,FALSE,0,blank,7.6,TRUE,TRUE,FALSE,4
15,15,TRUE,TRUE,TRUE,TRUE,TRUE,5,30,5.5,FALSE,4,14,8,FALSE,TRUE,TRUE,TRUE,admins,FALSE,TRUE,FALSE,TRUE,FALSE,TRUE,FALSE,FALSE,10.5,4,2,5,55,3,FALSE,0,blank,7.6,TRUE,TRUE,TRUE,4
30,15,TRUE,TRUE,TRUE,TRUE,FALSE,5,30,5,FALSE,4,10,8,FALSE,TRUE,TRUE,FALSE,managers_and_admins,FALSE,FALSE,FALSE,TRUE,FALSE,FALSE,FALSE,TRUE,10,8,1,5,38,3,FALSE,38,blank,8,FALSE,FALSE,FALSE,4
7,7,TRUE,TRUE,TRUE,TRUE,FALSE,5,30,6.5,FALSE,4,14,8,FALSE,TRUE,TRUE,TRUE,admins,FALSE,FALSE,FALSE,TRUE,FALSE,TRUE,FALSE,FALSE,11.5,8,1,5,41,3,TRUE,38,blank,8,FALSE,TRUE,TRUE,4
0,0,FALSE,FALSE,FALSE,FALSE,TRUE,5,30,5.5,FALSE,4,14,8,FALSE,TRUE,TRUE,TRUE,admins,FALSE,TRUE,FALSE,TRUE,FALSE,FALSE,FALSE,FALSE,11.5,8,1,5,41,3,TRUE,0,blank,7.6,TRUE,TRUE,FALSE,4
15,15,TRUE,TRUE,TRUE,TRUE,TRUE,5,30,5.5,FALSE,4,14,8,FALSE,FALSE,FALSE,FALSE,admins,FALSE,TRUE,FALSE,TRUE,FALSE,TRUE,FALSE,FALSE,11.5,8,1,5,41,3,FALSE,38,blank,7.6,TRUE,TRUE,FALSE,21
15,15,TRUE,TRUE,TRUE,TRUE,TRUE,5,40,6.5,FALSE,4,14,8,FALSE,FALSE,TRUE,TRUE,admins,FALSE,TRUE,FALSE,FALSE,FALSE,FALSE,FALSE,FALSE,11.5,8,1,5,41,3,FALSE,38,blank,7.6,TRUE,TRUE,FALSE,4
15,15,TRUE,TRUE,TRUE,TRUE,TRUE,5,45,5.5,FALSE,4,14,8,FALSE,FALSE,TRUE,TRUE,admins,FALSE,FALSE,FALSE,FALSE,FALSE,FALSE,FALSE,FALSE,11.5,8,1,5,41,3,FALSE,0,blank,7.6,TRUE,TRUE,TRUE,4
15,15,TRUE,TRUE,FALSE,FALSE,TRUE,5,30,5.5,FALSE,4,14,8,FALSE,FALSE,TRUE,TRUE,managers_and_admins,TRUE,TRUE,FALSE,TRUE,FALSE,TRUE,FALSE,FALSE,11.5,8,1,5,41,3,TRUE,80,blank,8,TRUE,TRUE,TRUE,4
10,10,TRUE,FALSE,TRUE,TRUE,TRUE,5,0,5.5,TRUE,4,14,8,FALSE,TRUE,TRUE,TRUE,managers,TRUE,TRUE,FALSE,TRUE,FALSE,TRUE,TRUE,FALSE,11.5,8,1,5,41,3,FALSE,0,blank,7.6,TRUE,TRUE,FALSE,4
0,0,FALSE,FALSE,FALSE,FALSE,TRUE,5,30,5,FALSE,4,14,8,FALSE,TRUE,FALSE,TRUE,admins,TRUE,TRUE,FALSE,TRUE,FALSE,FALSE,FALSE,FALSE,11.5,8,1,5,41,3,TRUE,0,blank,7.6,TRUE,TRUE,FALSE,4
15,15,FALSE,FALSE,FALSE,FALSE,FALSE,5,30,5.5,FALSE,4,14,8,FALSE,TRUE,TRUE,TRUE,admins,TRUE,TRUE,FALSE,TRUE,FALSE,TRUE,FALSE,FALSE,11.5,8,1,5,41,3,TRUE,0,blank,7.6,TRUE,TRUE,TRUE,4
15,15,TRUE,TRUE,TRUE,TRUE,TRUE,5,30,6.5,FALSE,4,14,8,FALSE,FALSE,TRUE,TRUE,admins,TRUE,TRUE,FALSE,TRUE,FALSE,TRUE,FALSE,FALSE,11.5,8,1,5,41,3,FALSE,40,blank,8,TRUE,TRUE,TRUE,4
0,0,FALSE,FALSE,FALSE,FALSE,TRUE,5,30,5.25,FALSE,4,14,8,FALSE,FALSE,TRUE,FALSE,managers,FALSE,TRUE,FALSE,TRUE,FALSE,TRUE,FALSE,FALSE,11.5,8,1,5,41,3,FALSE,0,blank,7.6,TRUE,TRUE,FALSE,4
0,0,TRUE,TRUE,FALSE,FALSE,TRUE,5,30,6,TRUE,4,14,8,FALSE,FALSE,TRUE,TRUE,admins,FALSE,TRUE,FALSE,TRUE,FALSE,TRUE,FALSE,FALSE,11.5,8,1,5,41,3,TRUE,38,blank,7.6,TRUE,TRUE,TRUE,4
30,30,TRUE,TRUE,TRUE,TRUE,FALSE,5,30,6.5,FALSE,4,14,8,FALSE,TRUE,TRUE,TRUE,managers_and_admins,FALSE,TRUE,FALSE,TRUE,FALSE,TRUE,FALSE,TRUE,11.5,10,2,5,45,2,TRUE,76,blank,7.6,TRUE,TRUE,TRUE,7
10,10,TRUE,TRUE,TRUE,TRUE,TRUE,2,30,5,FALSE,4,12,10,FALSE,TRUE,TRUE,TRUE,admins,TRUE,TRUE,FALSE,TRUE,TRUE,FALSE,FALSE,TRUE,12,10,2,6,50,3,FALSE,0,blank,7.6,TRUE,TRUE,FALSE,5
15,15,TRUE,TRUE,TRUE,TRUE,TRUE,5,0,22.5,FALSE,4,14,8,FALSE,FALSE,TRUE,TRUE,managers_and_admins,FALSE,TRUE,FALSE,TRUE,FALSE,TRUE,FALSE,FALSE,16.5,8,1,5,41,3,FALSE,38,blank,7.6,TRUE,TRUE,TRUE,4
0,0,TRUE,TRUE,FALSE,FALSE,TRUE,5,0,5.5,FALSE,4,16,8,FALSE,FALSE,TRUE,TRUE,admins,FALSE,TRUE,FALSE,FALSE,FALSE,TRUE,FALSE,TRUE,14,8,2,5,50,3,FALSE,0,blank,7.6,TRUE,TRUE,TRUE,14
60,29,TRUE,TRUE,TRUE,TRUE,TRUE,5,30,4,FALSE,4,14,8,FALSE,TRUE,TRUE,FALSE,managers_and_admins,FALSE,TRUE,FALSE,TRUE,FALSE,FALSE,FALSE,FALSE,11.5,8,1,5,41,3,FALSE,76,blank,0,TRUE,TRUE,TRUE,4
5,2,TRUE,TRUE,TRUE,TRUE,TRUE,5,0,10.5,FALSE,4,14,8,FALSE,FALSE,FALSE,TRUE,admins,FALSE,TRUE,FALSE,TRUE,TRUE,TRUE,FALSE,FALSE,11.5,8,1,76,38,3,TRUE,76,blank,7.6,TRUE,TRUE,TRUE,4
15,15,TRUE,TRUE,TRUE,TRUE,TRUE,5,30,5.02,FALSE,4,14,10,FALSE,TRUE,TRUE,TRUE,managers_and_admins,FALSE,TRUE,FALSE,TRUE,FALSE,TRUE,FALSE,FALSE,11.5,8,1,5,41,3,TRUE,0,blank,7.6,TRUE,TRUE,FALSE,4
30,30,TRUE,TRUE,TRUE,TRUE,TRUE,5,30,5.02,FALSE,4,14,8,FALSE,FALSE,TRUE,TRUE,managers_and_admins,FALSE,TRUE,TRUE,TRUE,TRUE,TRUE,FALSE,FALSE,11.5,8,1,5,41,3,FALSE,0,blank,7.6,TRUE,TRUE,TRUE,4
0,0,FALSE,FALSE,FALSE,FALSE,TRUE,5,30,12,FALSE,4,14,8,FALSE,FALSE,TRUE,TRUE,admins,FALSE,TRUE,FALSE,TRUE,FALSE,TRUE,FALSE,FALSE,11.5,8,1,5,41,3,FALSE,0,blank,7.6,TRUE,TRUE,TRUE,4
0,0,TRUE,TRUE,TRUE,TRUE,TRUE,5,30,8,FALSE,4,10,8,FALSE,TRUE,TRUE,TRUE,managers_and_admins,FALSE,TRUE,FALSE,FALSE,FALSE,TRUE,FALSE,FALSE,11.5,8,1,5,41,3,FALSE,0,blank,0,TRUE,TRUE,TRUE,4
15,15,FALSE,FALSE,TRUE,TRUE,TRUE,5,30,5.5,TRUE,4,14,8,FALSE,TRUE,TRUE,TRUE,managers,FALSE,TRUE,FALSE,FALSE,FALSE,TRUE,FALSE,FALSE,11.5,8,1,5,41,3,FALSE,0,blank,7.6,TRUE,TRUE,TRUE,4
15,15,TRUE,TRUE,TRUE,TRUE,TRUE,5,30,5.5,FALSE,4,8,8,FALSE,TRUE,TRUE,TRUE,admins,FALSE,TRUE,FALSE,TRUE,FALSE,TRUE,FALSE,TRUE,11.5,8,1,5,29,3,TRUE,0,blank,7.6,TRUE,TRUE,TRUE,7
75,15,TRUE,TRUE,TRUE,TRUE,TRUE,5,30,5.5,FALSE,4,14,8,FALSE,TRUE,TRUE,TRUE,admins,FALSE,TRUE,FALSE,TRUE,FALSE,TRUE,FALSE,FALSE,11.5,8,1,5,41,3,FALSE,0,blank,7.6,TRUE,TRUE,TRUE,4
15,15,TRUE,TRUE,TRUE,TRUE,TRUE,5,30,6.5,FALSE,4,11,1,FALSE,FALSE,TRUE,TRUE,admins,FALSE,FALSE,FALSE,FALSE,FALSE,TRUE,FALSE,TRUE,11.5,1,4,20,42,2,FALSE,0,blank,7.5,TRUE,TRUE,TRUE,4
15,15,TRUE,TRUE,TRUE,TRUE,TRUE,5,30,5.5,FALSE,4,14,8,FALSE,TRUE,TRUE,TRUE,admins,FALSE,TRUE,FALSE,TRUE,FALSE,TRUE,FALSE,FALSE,11.5,8,1,5,41,3,TRUE,0,blank,7.6,TRUE,TRUE,TRUE,4
15,15,TRUE,TRUE,TRUE,TRUE,TRUE,5,30,5.5,TRUE,4,14,8,FALSE,TRUE,TRUE,TRUE,admins,TRUE,TRUE,FALSE,TRUE,TRUE,TRUE,TRUE,TRUE,15,8,2,7,45,2,TRUE,40,blank,0,TRUE,TRUE,TRUE,4
15,15,TRUE,TRUE,TRUE,TRUE,TRUE,5,30,5.5,FALSE,4,14,8,FALSE,TRUE,TRUE,TRUE,admins,FALSE,TRUE,FALSE,TRUE,FALSE,TRUE,FALSE,FALSE,11.5,8,1,5,41,3,FALSE,0,blank,7.6,TRUE,TRUE,TRUE,4
15,15,TRUE,TRUE,TRUE,TRUE,TRUE,5,30,5.5,TRUE,4,14,8,FALSE,TRUE,TRUE,TRUE,admins,FALSE,TRUE,FALSE,TRUE,FALSE,FALSE,FALSE,FALSE,11.5,8,1,5,41,3,FALSE,38,blank,7.6,TRUE,TRUE,FALSE,4
15,15,TRUE,TRUE,TRUE,TRUE,TRUE,5,30,5.5,FALSE,4,14,8,FALSE,FALSE,TRUE,TRUE,admins,FALSE,TRUE,FALSE,TRUE,FALSE,TRUE,FALSE,FALSE,11.5,8,1,5,41,3,TRUE,38,blank,7.6,TRUE,TRUE,TRUE,4
15,15,FALSE,FALSE,TRUE,TRUE,FALSE,5,30,6.5,FALSE,4,14,8,FALSE,TRUE,TRUE,TRUE,admins,FALSE,TRUE,FALSE,TRUE,FALSE,TRUE,FALSE,FALSE,11.5,8,1,5,41,3,TRUE,0,blank,7.6,TRUE,TRUE,TRUE,4
0,0,TRUE,TRUE,FALSE,FALSE,TRUE,5,0,0,FALSE,4,12,10,FALSE,TRUE,TRUE,TRUE,admins,FALSE,TRUE,FALSE,TRUE,FALSE,TRUE,FALSE,FALSE,11.5,8,1,5,41,3,FALSE,0,blank,7.6,TRUE,TRUE,FALSE,4
300,0,TRUE,FALSE,TRUE,TRUE,TRUE,1,30,6.02,TRUE,4,14,8,FALSE,FALSE,TRUE,TRUE,admins,TRUE,TRUE,FALSE,FALSE,FALSE,TRUE,FALSE,FALSE,11.5,8,4,6,41,3,TRUE,76,blank,7.6,TRUE,TRUE,FALSE,4
0,0,FALSE,FALSE,FALSE,FALSE,TRUE,5,0,0,FALSE,4,14,10,FALSE,TRUE,TRUE,TRUE,admins,FALSE,TRUE,FALSE,TRUE,FALSE,TRUE,FALSE,FALSE,11.5,8,1,5,41,3,FALSE,0,blank,7.6,TRUE,TRUE,FALSE,4
5,5,FALSE,FALSE,TRUE,TRUE,TRUE,0,30,5,FALSE,4,14,10,FALSE,FALSE,TRUE,TRUE,admins,FALSE,TRUE,FALSE,TRUE,FALSE,FALSE,TRUE,FALSE,11.5,8,1,5,41,3,TRUE,0,blank,7.6,TRUE,TRUE,FALSE,4
15,15,TRUE,TRUE,FALSE,FALSE,FALSE,10,45,0,FALSE,4,14,8,FALSE,FALSE,FALSE,FALSE,admins,FALSE,TRUE,FALSE,FALSE,FALSE,FALSE,FALSE,FALSE,11.5,8,1,6,41,3,FALSE,0,blank,7.6,TRUE,TRUE,FALSE,4
15,15,TRUE,TRUE,TRUE,TRUE,TRUE,5,30,5.5,FALSE,4,14,8,FALSE,TRUE,TRUE,TRUE,admins,FALSE,TRUE,FALSE,TRUE,FALSE,TRUE,FALSE,FALSE,11.5,8,1,5,41,3,TRUE,38,blank,7.6,TRUE,TRUE,TRUE,4
15,0,TRUE,TRUE,TRUE,TRUE,TRUE,5,30,5.5,TRUE,4,10,8,FALSE,TRUE,TRUE,TRUE,admins,TRUE,TRUE,FALSE,TRUE,FALSE,TRUE,FALSE,TRUE,11.5,8,1,5,41,3,TRUE,38,blank,7.6,TRUE,TRUE,TRUE,4
5,5,TRUE,TRUE,FALSE,TRUE,TRUE,5,30,5.5,FALSE,4,14,8,FALSE,TRUE,TRUE,TRUE,admins,FALSE,TRUE,FALSE,TRUE,FALSE,FALSE,FALSE,FALSE,11.5,8,1,5,41,3,FALSE,0,blank,7.6,TRUE,TRUE,TRUE,4
15,15,FALSE,FALSE,FALSE,FALSE,FALSE,5,30,5.08,FALSE,4,14,8,FALSE,TRUE,TRUE,TRUE,managers_and_admins,FALSE,TRUE,FALSE,TRUE,FALSE,TRUE,FALSE,FALSE,11.5,8,1,5,41,3,FALSE,38,department,7.6,TRUE,TRUE,TRUE,10
15,15,TRUE,TRUE,TRUE,TRUE,FALSE,5,45,5.5,FALSE,4,14,8,FALSE,FALSE,TRUE,FALSE,managers_and_admins,FALSE,TRUE,FALSE,FALSE,FALSE,FALSE,FALSE,FALSE,11.5,8,1,5,41,3,TRUE,40,department,7.6,FALSE,TRUE,FALSE,3
15,15,TRUE,TRUE,FALSE,FALSE,TRUE,5,30,5.5,FALSE,4,14,8,FALSE,TRUE,TRUE,TRUE,managers_and_admins,FALSE,TRUE,FALSE,TRUE,FALSE,TRUE,FALSE,FALSE,11.5,8,1,5,41,3,FALSE,0,blank,7.6,TRUE,TRUE,TRUE,4
0,0,FALSE,FALSE,FALSE,FALSE,TRUE,5,0,0,FALSE,4,14,8,FALSE,FALSE,TRUE,TRUE,admins,FALSE,TRUE,FALSE,TRUE,FALSE,TRUE,FALSE,FALSE,11.5,8,1,5,41,3,FALSE,0,blank,7.6,TRUE,TRUE,TRUE,4
0,0,FALSE,FALSE,FALSE,FALSE,TRUE,5,0,0,FALSE,4,14,10,FALSE,TRUE,TRUE,TRUE,admins,FALSE,TRUE,FALSE,TRUE,FALSE,TRUE,FALSE,FALSE,11.5,8,1,5,41,3,FALSE,0,blank,7.6,TRUE,TRUE,FALSE,4
0,0,FALSE,FALSE,FALSE,FALSE,FALSE,5,30,7,FALSE,4,14,8,FALSE,TRUE,TRUE,TRUE,admins,FALSE,TRUE,FALSE,TRUE,FALSE,TRUE,FALSE,FALSE,11.5,8,1,5,41,3,FALSE,0,blank,8,TRUE,TRUE,FALSE,4
15,15,TRUE,TRUE,FALSE,FALSE,FALSE,5,30,6,FALSE,4,8,8,FALSE,FALSE,FALSE,TRUE,admins,FALSE,TRUE,FALSE,FALSE,FALSE,TRUE,FALSE,FALSE,11.5,8,1,5,41,3,FALSE,0,blank,7.6,TRUE,TRUE,FALSE,4
10,10,FALSE,FALSE,TRUE,TRUE,FALSE,5,30,5.5,FALSE,5,12,10,FALSE,TRUE,TRUE,TRUE,admins,FALSE,TRUE,FALSE,TRUE,FALSE,TRUE,FALSE,FALSE,11.5,8,1,5,41,3,TRUE,0,blank,7.6,TRUE,TRUE,FALSE,4
15,15,FALSE,FALSE,FALSE,FALSE,TRUE,5,30,5.5,FALSE,4,14,8,FALSE,TRUE,TRUE,TRUE,admins,FALSE,TRUE,FALSE,TRUE,FALSE,TRUE,FALSE,FALSE,11.5,8,1,5,41,3,FALSE,0,blank,7.6,TRUE,TRUE,FALSE,4
15,15,TRUE,TRUE,TRUE,TRUE,TRUE,5,30,5.5,FALSE,4,14,8,FALSE,TRUE,TRUE,TRUE,admins,TRUE,TRUE,FALSE,TRUE,FALSE,TRUE,FALSE,FALSE,11.5,8,1,5,41,3,FALSE,0,blank,7.6,TRUE,TRUE,TRUE,4
15,15,TRUE,TRUE,TRUE,TRUE,FALSE,5,30,5.5,FALSE,4,14,8,FALSE,FALSE,FALSE,FALSE,admins,TRUE,TRUE,TRUE,TRUE,FALSE,TRUE,FALSE,FALSE,11.5,8,1,5,41,3,TRUE,38,blank,7.6,TRUE,TRUE,TRUE,4
15,15,TRUE,TRUE,TRUE,TRUE,TRUE,5,30,5.5,FALSE,4,14,8,FALSE,FALSE,TRUE,TRUE,admins,FALSE,TRUE,FALSE,TRUE,FALSE,TRUE,FALSE,FALSE,11.5,8,1,5,41,3,TRUE,0,blank,7.5,TRUE,TRUE,TRUE,4
15,15,TRUE,TRUE,TRUE,TRUE,TRUE,5,30,5.5,FALSE,4,14,8,FALSE,TRUE,TRUE,TRUE,admins,FALSE,TRUE,FALSE,TRUE,FALSE,TRUE,FALSE,FALSE,11.5,8,1,5,41,3,FALSE,38,blank,7.6,TRUE,TRUE,TRUE,4
15,15,TRUE,TRUE,FALSE,FALSE,TRUE,5,30,6,FALSE,4,14,10,FALSE,TRUE,TRUE,TRUE,admins,FALSE,TRUE,FALSE,TRUE,FALSE,TRUE,FALSE,FALSE,11.5,8,1,5,41,3,FALSE,0,blank,7.6,TRUE,TRUE,FALSE,4
15,15,TRUE,TRUE,TRUE,TRUE,TRUE,5,60,6,FALSE,4,8,10,FALSE,TRUE,TRUE,FALSE,managers,FALSE,TRUE,FALSE,TRUE,FALSE,TRUE,FALSE,TRUE,8,10,2,5,40,2,TRUE,76,blank,8,FALSE,TRUE,TRUE,10
15,15,TRUE,TRUE,TRUE,TRUE,TRUE,5,30,5.5,FALSE,4,14,8,FALSE,TRUE,TRUE,TRUE,admins,FALSE,TRUE,FALSE,TRUE,FALSE,TRUE,FALSE,FALSE,11.5,8,1,5,41,3,FALSE,0,blank,7.6,TRUE,TRUE,TRUE,4
0,0,FALSE,FALSE,FALSE,FALSE,TRUE,5,0,0,FALSE,4,14,8,FALSE,TRUE,TRUE,TRUE,admins,FALSE,TRUE,FALSE,TRUE,FALSE,TRUE,FALSE,FALSE,11.5,8,1,5,41,3,FALSE,0,blank,7.6,TRUE,TRUE,FALSE,4
15,15,TRUE,TRUE,TRUE,TRUE,TRUE,5,30,5.5,FALSE,4,14,8,FALSE,TRUE,TRUE,TRUE,admins,FALSE,TRUE,FALSE,FALSE,FALSE,TRUE,FALSE,FALSE,11.5,8,2,7,43,3,TRUE,0,blank,7.6,TRUE,TRUE,TRUE,7
15,15,TRUE,TRUE,TRUE,TRUE,TRUE,5,0,5,FALSE,4,11,8,FALSE,TRUE,TRUE,TRUE,admins,FALSE,TRUE,FALSE,FALSE,FALSE,TRUE,FALSE,FALSE,12.5,8,1,5,41,3,FALSE,0,blank,7.5,TRUE,TRUE,FALSE,4
15,15,TRUE,TRUE,TRUE,TRUE,FALSE,5,30,5.02,FALSE,4,10,8,FALSE,TRUE,TRUE,TRUE,admins,FALSE,TRUE,FALSE,TRUE,FALSE,TRUE,FALSE,FALSE,10,8,2,6,38,4,TRUE,0,blank,7.6,FALSE,TRUE,FALSE,7
5,5,FALSE,FALSE,FALSE,FALSE,TRUE,5,0,0,FALSE,4,23,8,FALSE,FALSE,TRUE,TRUE,managers_and_admins,TRUE,TRUE,FALSE,TRUE,FALSE,TRUE,FALSE,FALSE,11.5,8,1,5,41,3,TRUE,0,blank,8,TRUE,TRUE,FALSE,4
15,15,TRUE,TRUE,TRUE,TRUE,TRUE,5,30,5.5,FALSE,4,14,8,FALSE,TRUE,TRUE,TRUE,admins,FALSE,TRUE,FALSE,TRUE,FALSE,TRUE,FALSE,FALSE,11.5,8,1,5,41,3,FALSE,38,blank,7.6,TRUE,TRUE,TRUE,4
15,15,TRUE,TRUE,TRUE,TRUE,TRUE,5,30,5.5,FALSE,4,14,8,FALSE,FALSE,TRUE,TRUE,admins,TRUE,TRUE,FALSE,TRUE,FALSE,TRUE,FALSE,FALSE,11.5,8,1,5,41,3,TRUE,38,blank,7.6,TRUE,TRUE,TRUE,4
15,15,TRUE,TRUE,TRUE,TRUE,TRUE,5,30,6.5,FALSE,4,9,8,FALSE,FALSE,TRUE,TRUE,managers_and_admins,FALSE,TRUE,FALSE,TRUE,FALSE,TRUE,FALSE,FALSE,11.5,8,2,6,38,2,TRUE,38,blank,7.5,FALSE,TRUE,TRUE,14
20,20,TRUE,TRUE,TRUE,TRUE,TRUE,5,30,5.5,FALSE,4,10,8,FALSE,TRUE,TRUE,TRUE,admins,FALSE,TRUE,FALSE,TRUE,FALSE,TRUE,FALSE,TRUE,11.5,8,2,5,41,3,FALSE,0,blank,7.6,TRUE,TRUE,TRUE,7
0,0,FALSE,FALSE,FALSE,FALSE,FALSE,5,30,5.5,FALSE,4,14,8,FALSE,TRUE,TRUE,TRUE,admins,FALSE,TRUE,FALSE,TRUE,FALSE,TRUE,FALSE,FALSE,11.5,8,1,5,41,3,FALSE,38,blank,7.6,TRUE,TRUE,TRUE,4
15,15,TRUE,TRUE,TRUE,TRUE,TRUE,5,0,0,FALSE,4,10,4,FALSE,FALSE,TRUE,TRUE,managers_and_admins,FALSE,TRUE,FALSE,FALSE,FALSE,TRUE,FALSE,TRUE,10,4,2,5,38,2,TRUE,38,blank,7.6,TRUE,TRUE,TRUE,0
15,15,TRUE,TRUE,TRUE,TRUE,TRUE,5,30,5.5,FALSE,4,14,8,FALSE,TRUE,TRUE,TRUE,admins,TRUE,TRUE,FALSE,TRUE,FALSE,FALSE,FALSE,FALSE,11.5,8,1,5,41,3,TRUE,76,blank,9.5,TRUE,TRUE,TRUE,4
15,15,TRUE,TRUE,TRUE,TRUE,TRUE,5,30,5.5,FALSE,4,14,8,FALSE,TRUE,TRUE,TRUE,admins,FALSE,TRUE,FALSE,TRUE,FALSE,TRUE,FALSE,FALSE,11.5,8,1,5,41,3,TRUE,0,blank,7.6,TRUE,TRUE,TRUE,4
15,15,TRUE,TRUE,FALSE,FALSE,FALSE,5,30,4,FALSE,4,14,8,FALSE,FALSE,TRUE,TRUE,managers,FALSE,TRUE,FALSE,TRUE,FALSE,TRUE,FALSE,FALSE,12,8,1,5,38,4,TRUE,0,blank,8,TRUE,TRUE,FALSE,4
15,15,TRUE,TRUE,TRUE,TRUE,TRUE,5,30,5.5,FALSE,4,10,8,FALSE,TRUE,TRUE,TRUE,admins,FALSE,TRUE,FALSE,TRUE,FALSE,TRUE,FALSE,TRUE,10,8,1,5,38,3,TRUE,76,blank,7.6,TRUE,TRUE,TRUE,14
15,15,TRUE,TRUE,TRUE,TRUE,TRUE,5,30,5.5,FALSE,4,14,8,FALSE,TRUE,TRUE,TRUE,admins,FALSE,TRUE,FALSE,TRUE,FALSE,TRUE,FALSE,FALSE,11.5,8,1,5,41,3,FALSE,76,blank,7.6,TRUE,TRUE,TRUE,4
5,15,TRUE,TRUE,TRUE,TRUE,TRUE,5,30,5.5,FALSE,4,12,8,FALSE,TRUE,TRUE,TRUE,admins,FALSE,TRUE,FALSE,TRUE,FALSE,TRUE,FALSE,FALSE,11.5,8,1,5,41,3,TRUE,0,blank,7.6,TRUE,TRUE,TRUE,4
15,15,TRUE,TRUE,TRUE,TRUE,TRUE,5,30,5.5,FALSE,4,14,8,FALSE,TRUE,TRUE,TRUE,admins,FALSE,TRUE,FALSE,TRUE,FALSE,TRUE,FALSE,FALSE,11.5,8,1,5,41,3,FALSE,0,blank,7.6,TRUE,TRUE,TRUE,4
15,15,FALSE,FALSE,FALSE,FALSE,FALSE,5,30,7,FALSE,4,14,10,FALSE,TRUE,TRUE,TRUE,admins,FALSE,TRUE,FALSE,FALSE,FALSE,FALSE,FALSE,FALSE,11.5,8,1,5,41,3,FALSE,0,blank,7.6,TRUE,TRUE,FALSE,4
15,15,TRUE,TRUE,TRUE,TRUE,TRUE,5,30,5.5,TRUE,4,14,8,FALSE,TRUE,TRUE,TRUE,admins,FALSE,TRUE,FALSE,FALSE,FALSE,TRUE,FALSE,FALSE,11.5,8,1,5,41,3,FALSE,38,blank,7.6,TRUE,TRUE,FALSE,4
15,15,TRUE,TRUE,FALSE,FALSE,TRUE,5,0,5.5,FALSE,4,20,8,FALSE,TRUE,TRUE,TRUE,admins,FALSE,TRUE,FALSE,TRUE,FALSE,TRUE,FALSE,FALSE,11.5,8,1,5,41,3,FALSE,0,blank,8,TRUE,TRUE,TRUE,4
15,15,TRUE,TRUE,TRUE,TRUE,TRUE,5,0,5.5,FALSE,4,14,8,FALSE,FALSE,FALSE,TRUE,admins,FALSE,TRUE,FALSE,TRUE,FALSE,TRUE,FALSE,FALSE,11.5,8,1,5,41,3,TRUE,0,blank,7.6,TRUE,TRUE,TRUE,4
10,10,TRUE,TRUE,TRUE,TRUE,TRUE,5,15,0,FALSE,4,14,8,FALSE,FALSE,TRUE,TRUE,admins,FALSE,TRUE,FALSE,FALSE,FALSE,TRUE,FALSE,FALSE,11.5,8,1,5,41,3,FALSE,0,blank,7.6,TRUE,TRUE,FALSE,4
15,15,TRUE,TRUE,TRUE,TRUE,TRUE,5,30,5.5,FALSE,4,14,8,FALSE,TRUE,TRUE,TRUE,admins,FALSE,TRUE,FALSE,TRUE,FALSE,TRUE,FALSE,FALSE,11.5,8,1,5,41,3,FALSE,0,blank,7.6,TRUE,TRUE,TRUE,4
15,15,TRUE,TRUE,TRUE,TRUE,FALSE,5,15,5.5,FALSE,4,14,8,FALSE,TRUE,TRUE,TRUE,admins,FALSE,TRUE,FALSE,TRUE,FALSE,TRUE,FALSE,FALSE,11.5,8,1,5,41,3,TRUE,38,blank,7.6,TRUE,TRUE,TRUE,4
15,15,TRUE,TRUE,TRUE,TRUE,TRUE,5,30,5.5,FALSE,4,14,8,FALSE,TRUE,TRUE,TRUE,admins,FALSE,TRUE,FALSE,TRUE,FALSE,TRUE,FALSE,FALSE,11.5,8,1,5,41,3,TRUE,0,blank,7.6,TRUE,TRUE,TRUE,4
5,5,TRUE,TRUE,TRUE,TRUE,TRUE,5,30,5.5,FALSE,4,14,8,FALSE,TRUE,TRUE,FALSE,admins,TRUE,TRUE,FALSE,TRUE,FALSE,TRUE,FALSE,TRUE,11.5,8,1,5,41,3,TRUE,40,blank,7.6,TRUE,TRUE,TRUE,7
0,0,FALSE,FALSE,FALSE,FALSE,TRUE,5,0,5.5,FALSE,4,24,8,FALSE,TRUE,TRUE,TRUE,admins,FALSE,TRUE,FALSE,TRUE,FALSE,TRUE,FALSE,FALSE,11.5,8,1,7,44,3,FALSE,0,blank,7.5,TRUE,TRUE,TRUE,4
15,15,TRUE,TRUE,TRUE,TRUE,TRUE,5,30,5.5,FALSE,4,14,8,FALSE,TRUE,FALSE,TRUE,admins,FALSE,TRUE,FALSE,TRUE,FALSE,TRUE,FALSE,FALSE,11.5,8,1,5,41,3,FALSE,0,blank,7.6,TRUE,TRUE,TRUE,4
15,15,TRUE,TRUE,TRUE,TRUE,TRUE,5,0,5.83,FALSE,4,14,8,FALSE,FALSE,TRUE,FALSE,admins,FALSE,TRUE,FALSE,TRUE,FALSE,TRUE,FALSE,FALSE,11.5,8,1,7,41,3,TRUE,38,blank,7.6,TRUE,TRUE,TRUE,4
0,0,TRUE,TRUE,TRUE,TRUE,FALSE,5,30,5,FALSE,4,14,12,FALSE,FALSE,FALSE,FALSE,admins,FALSE,TRUE,FALSE,FALSE,FALSE,TRUE,FALSE,TRUE,10.5,3,1,9,38,3,TRUE,0,blank,7.6,TRUE,TRUE,FALSE,4
5,5,TRUE,TRUE,TRUE,TRUE,TRUE,5,30,5.5,FALSE,4,14,8,FALSE,TRUE,TRUE,TRUE,admins,FALSE,TRUE,FALSE,TRUE,FALSE,TRUE,FALSE,FALSE,11.5,8,1,5,41,2,FALSE,0,blank,7.6,TRUE,TRUE,TRUE,4
15,15,FALSE,FALSE,FALSE,FALSE,FALSE,5,30,5.5,FALSE,4,14,10,FALSE,FALSE,TRUE,TRUE,managers_and_admins,TRUE,TRUE,FALSE,TRUE,FALSE,TRUE,FALSE,TRUE,10.5,12,4,5,38,1,FALSE,76,department,1,TRUE,TRUE,TRUE,4
5,10,TRUE,TRUE,TRUE,TRUE,TRUE,0,30,5.02,TRUE,4,10,10,FALSE,FALSE,FALSE,TRUE,admins,FALSE,FALSE,FALSE,TRUE,FALSE,FALSE,FALSE,FALSE,11.5,8,1,5,41,3,FALSE,0,blank,7.5,TRUE,TRUE,FALSE,4
30,15,TRUE,TRUE,TRUE,TRUE,TRUE,5,30,5.25,FALSE,4,11,12,FALSE,FALSE,FALSE,TRUE,admins,FALSE,TRUE,FALSE,TRUE,FALSE,TRUE,FALSE,FALSE,11,8,1,5,41,1,TRUE,38,blank,7.6,FALSE,TRUE,TRUE,14
15,15,TRUE,TRUE,TRUE,TRUE,TRUE,5,60,5,FALSE,4,9,8,FALSE,TRUE,TRUE,TRUE,admins,FALSE,FALSE,FALSE,TRUE,FALSE,TRUE,FALSE,FALSE,11.5,8,2,5,41,3,TRUE,0,blank,7.5,TRUE,TRUE,TRUE,4
15,15,FALSE,FALSE,FALSE,FALSE,FALSE,5,30,5.5,FALSE,4,14,8,FALSE,TRUE,TRUE,TRUE,admins,TRUE,TRUE,FALSE,TRUE,FALSE,TRUE,FALSE,TRUE,10,8,2,8,41,3,TRUE,0,blank,7.6,TRUE,TRUE,TRUE,4
15,15,TRUE,TRUE,TRUE,TRUE,TRUE,0,30,5.83,FALSE,4,4,12,FALSE,FALSE,TRUE,FALSE,managers_and_admins,FALSE,TRUE,FALSE,TRUE,FALSE,TRUE,FALSE,FALSE,11.5,8,1,5,41,3,FALSE,38,blank,7.6,TRUE,TRUE,TRUE,4
15,15,TRUE,TRUE,TRUE,TRUE,TRUE,5,30,5.5,FALSE,4,14,8,FALSE,TRUE,TRUE,TRUE,admins,FALSE,TRUE,FALSE,TRUE,FALSE,TRUE,FALSE,FALSE,11.5,8,1,5,41,3,FALSE,38,blank,7.6,TRUE,TRUE,TRUE,4
0,0,FALSE,FALSE,TRUE,TRUE,TRUE,5,30,5,FALSE,4,12,10,FALSE,TRUE,TRUE,TRUE,admins,FALSE,TRUE,FALSE,TRUE,FALSE,TRUE,FALSE,FALSE,11.5,8,1,5,41,3,FALSE,0,blank,7.6,TRUE,TRUE,FALSE,4
5,5,FALSE,FALSE,TRUE,TRUE,TRUE,5,60,5.5,FALSE,4,10,8,FALSE,FALSE,TRUE,TRUE,admins,FALSE,TRUE,TRUE,TRUE,FALSE,TRUE,FALSE,FALSE,11.5,8,1,5,41,3,TRUE,0,blank,7.6,TRUE,TRUE,TRUE,4
15,15,TRUE,TRUE,TRUE,TRUE,TRUE,5,30,5.5,TRUE,4,10,10,FALSE,TRUE,TRUE,TRUE,managers_and_admins,FALSE,TRUE,FALSE,TRUE,FALSE,TRUE,FALSE,TRUE,11.5,10,1,5,41,3,TRUE,0,blank,7.6,TRUE,TRUE,FALSE,4
25,5,TRUE,TRUE,TRUE,TRUE,FALSE,5,30,5,FALSE,4,14,1,FALSE,FALSE,FALSE,TRUE,managers_and_admins,TRUE,TRUE,FALSE,TRUE,FALSE,TRUE,FALSE,FALSE,11.5,1,2,6,45,3,TRUE,76,blank,7.6,TRUE,TRUE,FALSE,22
15,15,TRUE,TRUE,TRUE,TRUE,FALSE,5,30,5.5,FALSE,4,14,8,FALSE,TRUE,TRUE,TRUE,admins,FALSE,TRUE,FALSE,TRUE,FALSE,TRUE,FALSE,FALSE,11.5,8,1,5,41,3,TRUE,38,blank,7.6,TRUE,TRUE,TRUE,14
15,15,TRUE,TRUE,TRUE,TRUE,TRUE,5,30,5.5,FALSE,4,14,8,FALSE,TRUE,TRUE,TRUE,admins,FALSE,TRUE,TRUE,TRUE,FALSE,FALSE,FALSE,FALSE,11.5,8,1,5,41,3,TRUE,0,blank,7.6,TRUE,TRUE,TRUE,4
29,15,TRUE,TRUE,TRUE,TRUE,TRUE,5,30,6.02,FALSE,4,14,8,FALSE,TRUE,TRUE,TRUE,admins,FALSE,TRUE,FALSE,TRUE,FALSE,TRUE,FALSE,FALSE,11.5,8,1,5,41,3,FALSE,38,blank,8,TRUE,TRUE,TRUE,4
20,10,FALSE,FALSE,TRUE,TRUE,TRUE,5,0,5.5,FALSE,4,14,8,FALSE,FALSE,TRUE,TRUE,admins,FALSE,TRUE,FALSE,TRUE,FALSE,TRUE,FALSE,FALSE,11.5,8,1,5,41,3,FALSE,40,blank,7.6,TRUE,TRUE,FALSE,4
30,15,TRUE,TRUE,TRUE,TRUE,TRUE,5,30,5.5,FALSE,4,14,8,FALSE,TRUE,TRUE,TRUE,admins,FALSE,TRUE,FALSE,TRUE,FALSE,TRUE,FALSE,FALSE,11.5,8,1,5,41,3,TRUE,0,blank,7.6,TRUE,TRUE,TRUE,4
15,15,FALSE,FALSE,FALSE,FALSE,TRUE,5,0,0,FALSE,4,16,10,FALSE,FALSE,TRUE,FALSE,admins,FALSE,TRUE,FALSE,FALSE,FALSE,TRUE,FALSE,FALSE,11.5,8,1,5,41,3,TRUE,0,blank,8,TRUE,TRUE,FALSE,4
15,15,TRUE,TRUE,TRUE,TRUE,TRUE,5,45,5.5,FALSE,4,14,8,FALSE,TRUE,TRUE,TRUE,admins,FALSE,TRUE,FALSE,TRUE,FALSE,TRUE,FALSE,FALSE,12.5,8,1,5,42,3,TRUE,42,blank,7.6,TRUE,TRUE,FALSE,4
0,0,TRUE,TRUE,FALSE,FALSE,TRUE,5,30,2,FALSE,4,12,10,FALSE,TRUE,TRUE,TRUE,admins,FALSE,TRUE,TRUE,TRUE,TRUE,TRUE,FALSE,FALSE,11.5,8,1,5,41,3,FALSE,0,blank,7.6,TRUE,TRUE,FALSE,4
15,15,TRUE,TRUE,TRUE,TRUE,TRUE,5,30,5.5,FALSE,4,14,8,FALSE,TRUE,TRUE,TRUE,admins,FALSE,TRUE,FALSE,TRUE,FALSE,TRUE,FALSE,FALSE,11.5,8,1,5,41,3,TRUE,38,blank,7.6,TRUE,TRUE,TRUE,4
15,15,TRUE,TRUE,TRUE,TRUE,TRUE,5,30,5.5,FALSE,4,14,8,FALSE,TRUE,TRUE,TRUE,admins,FALSE,TRUE,FALSE,TRUE,FALSE,TRUE,FALSE,FALSE,11.5,8,1,5,41,3,TRUE,38,blank,7.6,TRUE,TRUE,TRUE,4
0,0,FALSE,FALSE,FALSE,FALSE,TRUE,5,0,0,FALSE,4,14,8,FALSE,FALSE,TRUE,TRUE,admins,FALSE,TRUE,FALSE,TRUE,FALSE,TRUE,FALSE,FALSE,11.5,8,1,5,41,3,FALSE,0,blank,7.6,TRUE,TRUE,TRUE,4
0,0,FALSE,FALSE,FALSE,FALSE,TRUE,5,0,0,FALSE,4,14,10,FALSE,TRUE,TRUE,TRUE,admins,FALSE,TRUE,FALSE,TRUE,FALSE,TRUE,FALSE,FALSE,11.5,8,1,5,41,3,FALSE,0,blank,7.6,TRUE,TRUE,FALSE,4
15,15,TRUE,TRUE,TRUE,TRUE,FALSE,5,30,5.5,FALSE,4,14,10,FALSE,FALSE,TRUE,TRUE,admins,TRUE,TRUE,FALSE,FALSE,FALSE,TRUE,FALSE,FALSE,11.5,10,1,5,41,3,TRUE,0,blank,7.6,TRUE,TRUE,TRUE,7
15,15,TRUE,TRUE,TRUE,TRUE,TRUE,5,30,5.5,FALSE,4,14,8,FALSE,TRUE,TRUE,TRUE,admins,FALSE,TRUE,FALSE,TRUE,FALSE,TRUE,FALSE,FALSE,11.5,8,1,5,41,3,FALSE,38,blank,7.6,TRUE,TRUE,TRUE,4
15,15,TRUE,TRUE,TRUE,TRUE,TRUE,5,0,5.5,FALSE,4,14,8,FALSE,FALSE,FALSE,FALSE,admins,FALSE,TRUE,FALSE,FALSE,FALSE,TRUE,FALSE,FALSE,11.5,8,1,5,41,3,TRUE,76,blank,7.6,TRUE,TRUE,FALSE,4
0,0,TRUE,TRUE,FALSE,FALSE,FALSE,5,30,5,FALSE,4,11,10,FALSE,TRUE,TRUE,TRUE,admins,FALSE,TRUE,FALSE,TRUE,FALSE,TRUE,FALSE,FALSE,10,8,1,5,40,3,FALSE,0,blank,7.6,TRUE,TRUE,FALSE,4
300,0,TRUE,FALSE,TRUE,TRUE,TRUE,1,30,6.02,TRUE,4,14,8,FALSE,FALSE,TRUE,TRUE,managers_and_admins,TRUE,TRUE,FALSE,FALSE,FALSE,TRUE,FALSE,TRUE,11.5,8,4,6,41,3,TRUE,0,blank,7.6,TRUE,TRUE,FALSE,4
15,15,TRUE,TRUE,TRUE,TRUE,TRUE,5,30,6,FALSE,4,14,8,FALSE,FALSE,TRUE,TRUE,admins,TRUE,TRUE,FALSE,TRUE,FALSE,TRUE,FALSE,FALSE,11.5,8,1,5,41,3,FALSE,40,blank,7.6,TRUE,TRUE,TRUE,4
15,15,TRUE,TRUE,TRUE,TRUE,TRUE,5,0,13.5,FALSE,4,20,2,FALSE,FALSE,TRUE,TRUE,managers_and_admins,TRUE,TRUE,FALSE,FALSE,FALSE,FALSE,FALSE,FALSE,11.5,8,1,5,41,3,FALSE,0,blank,7.6,TRUE,TRUE,FALSE,4
10,10,FALSE,FALSE,TRUE,TRUE,TRUE,5,0,0,FALSE,4,11,8,FALSE,TRUE,TRUE,TRUE,admins,FALSE,TRUE,FALSE,TRUE,FALSE,TRUE,FALSE,TRUE,11.5,8,1,5,41,3,FALSE,0,blank,7.6,TRUE,TRUE,TRUE,4